PlayerID,PlayerName,Week1,Week2,Week3,Week4,Week5,Week6,Week7,Week8,Week9,Week10,Week11,Week12,Week13,Week14,Week15,Week16,Week17,TargetsPerSnapLast3,TargetsPerGameLast3,ReceptionsLast3,TotalTargetsLast3,TargetsPerSnap,TargetsPerGame,TotalReceptions,TotalTargets
16906,Stefon Diggs,9,13,6,7,16,8,11,9,12,10,null,9,10,14,13,11,8,20.77922077922078,10.666666666666666,27,32,17.202072538860104,10.375,127,166
14986,DeAndre Hopkins,16,9,12,9,7,8,12,null,3,12,8,7,13,11,11,12,10,17.5531914893617,11,21,33,15.32567049808429,10,115,160
16263,Allen Robinson II,9,9,13,10,16,9,4,7,9,9,null,13,7,13,5,13,5,12.994350282485875,7.666666666666667,16,23,16.575192096597146,9.4375,102,151
16470,Davante Adams,17,3,null,null,null,10,16,11,12,12,8,9,12,10,10,12,6,18.91891891891892,9.333333333333334,24,28,19.096774193548388,10.571428571428571,115,148
15076,Keenan Allen,8,10,19,11,2,null,13,12,11,7,19,10,11,11,3,null,null,12.5,3,1,3,16.819221967963387,10.5,100,147
15048,Travis Kelce,6,14,7,7,12,7,3,12,12,null,10,8,12,10,12,13,null,18.65671641791045,12.5,15,25,16.129032258064516,9.666666666666666,105,145
16964,Darren Waller,8,16,4,11,7,null,9,6,10,5,7,7,17,10,12,6,10,14.583333333333334,9.333333333333334,23,28,14.616935483870968,9.0625,107,145
21077,Diontae Johnson,10,13,2,null,1,null,15,3,10,11,16,13,12,7,13,14,4,18.562874251497007,10.333333333333334,19,31,19.645293315143245,9.6,88,144
19802,Calvin Ridley,12,10,13,5,10,7,7,4,null,null,9,9,10,12,14,9,12,19.774011299435028,11.666666666666666,23,35,17.39659367396594,9.533333333333333,90,143
18187,Robby Anderson,8,10,5,11,12,5,8,8,13,6,9,7,null,12,5,10,7,14.102564102564102,7.333333333333333,12,22,16.915422885572138,8.5,95,136
18082,Tyreek Hill,6,11,6,6,6,3,10,6,18,null,14,15,11,7,10,6,null,12.598425196850394,8,10,16,14.983351831298558,9,87,135
20873,Terry McLaurin,7,10,8,14,7,12,11,null,8,9,7,9,6,6,12,null,8,15.503875968992247,10,14,20,14.105263157894736,8.933333333333334,87,134
16830,Tyler Lockett,8,8,13,4,5,null,20,5,7,9,9,4,9,5,7,5,14,15.384615384615385,8.666666666666666,19,26,13.983050847457626,8.25,100,132
16765,Amari Cooper,14,9,12,16,4,10,7,5,6,null,7,8,9,5,3,6,9,10.227272727272727,6,12,18,13.785790031813361,8.125,92,130
14871,Robert Woods,8,5,6,7,5,10,5,8,null,6,15,12,11,8,7,9,7,11.917098445595855,7.666666666666667,14,23,12.9,8.0625,90,129
20875,DK Metcalf,8,6,8,6,11,null,5,15,9,4,5,13,8,8,6,8,9,13.609467455621301,7.666666666666667,14,23,13.16326530612245,8.0625,83,129
18883,JuJu Smith-Schuster,6,8,5,null,5,4,14,8,7,13,5,9,10,7,6,13,8,15.168539325842696,9,18,27,13.867822318526544,8,97,128
21685,Justin Jefferson,3,3,9,5,5,11,null,4,4,10,5,13,12,8,11,10,12,17.5531914893617,11,23,33,14.108352144469526,7.8125,88,125
18882,Cooper Kupp,5,6,10,7,8,9,6,20,null,7,13,5,9,5,5,9,null,12.962962962962964,7,13,14,14.726840855106888,8.266666666666667,92,124
16568,Brandin Cooks,5,8,5,3,12,9,9,null,9,8,5,5,8,null,7,10,16,18.53932584269663,11,24,33,14.83790523690773,7.933333333333334,81,119
19844,DJ Moore,9,13,4,6,5,11,5,6,3,7,11,9,null,null,8,10,11,17.791411042944784,9.666666666666666,16,29,14.131736526946108,7.866666666666666,66,118
13870,Marvin Jones Jr.,8,6,3,2,null,5,6,7,4,10,6,12,12,8,12,3,11,16.149068322981368,8.666666666666666,21,26,12.208067940552016,7.1875,76,115
21692,Jerry Jeudy,8,7,9,4,null,5,4,10,14,8,8,1,4,4,5,15,7,14.917127071823204,9,12,27,14.037267080745341,7.0625,52,113
21679,CeeDee Lamb,6,9,7,7,11,11,5,5,7,null,6,7,9,2,7,5,7,14.615384615384615,6.333333333333333,13,19,15.205479452054794,6.9375,74,111
16656,Logan Thomas,8,9,7,4,4,4,4,null,6,5,5,4,9,7,16,12,6,15.88785046728972,11.333333333333334,23,34,10.901883052527255,6.875,72,110
17986,Tyler Boyd,5,8,13,8,6,8,13,7,null,8,11,6,4,9,1,null,3,7.6923076923076925,2,1,4,14.745308310991957,7.333333333333333,79,110
18464,J.D. McKissic,5,0,4,8,8,6,2,null,14,15,4,2,10,4,10,10,8,19.047619047619047,9.333333333333334,22,28,17.160686427457097,6.875,80,110
20006,Russell Gage,12,9,3,3,5,4,7,3,6,null,12,5,8,7,10,5,11,14.285714285714286,8.666666666666666,18,26,14.435695538057743,6.875,72,110
16597,Mike Evans,4,10,4,8,9,2,2,7,6,11,9,9,null,5,7,12,4,17.96875,7.666666666666667,19,23,12.718786464410735,6.8125,70,109
18912,Evan Engram,7,8,5,10,2,3,9,10,10,3,null,9,8,4,7,10,4,15.328467153284672,7,13,21,13.022700119474313,6.8125,63,109
21752,Chase Claypool,2,3,4,null,11,4,1,9,13,10,8,9,4,6,8,6,11,18.939393939393938,8.333333333333334,12,25,15.751445086705202,6.8125,62,109
15534,Adam Thielen,8,8,5,10,13,5,null,4,5,7,11,null,11,4,3,9,5,8.673469387755102,5.666666666666667,14,17,11.663066954643629,7.2,74,108
21690,Tee Higgins,0,6,9,7,8,8,5,9,null,9,10,5,8,8,6,9,1,13.008130081300813,5.333333333333333,9,16,13.416149068322982,6.75,67,108
14141,Cole Beasley,7,6,7,4,6,7,12,2,3,13,null,4,11,10,10,5,null,18.75,7.5,11,15,15.735294117647058,7.133333333333334,82,107
18878,Alvin Kamara,8,9,14,4,10,null,8,13,6,8,1,2,3,10,6,5,null,12.941176470588236,5.5,6,11,16.26139817629179,7.133333333333334,83,107
21042,A.J. Brown,8,null,null,null,9,7,8,7,9,4,7,6,7,9,6,8,11,15.337423312883436,8.333333333333334,19,25,13.96574440052701,7.571428571428571,70,106
19867,Michael Gallup,5,5,9,5,4,6,2,12,7,null,5,8,11,6,4,8,8,11.494252873563218,6.666666666666667,13,20,10.468594217347956,6.5625,59,105
12845,A.J. Green,9,13,6,5,1,11,13,5,null,5,9,3,1,7,3,7,6,11.347517730496454,5.333333333333333,6,16,12.682926829268293,6.5,47,104
16775,DeVante Parker,4,8,5,12,3,8,null,2,7,7,9,14,8,2,null,null,14,18.42105263157895,14,7,14,14.18732782369146,7.357142857142857,63,103
16020,Jarvis Landry,6,3,4,6,9,5,6,11,null,5,2,11,10,9,8,null,6,15.384615384615385,7,12,14,14.449213161659513,6.733333333333333,72,101
20805,T.J. Hockenson,5,4,7,4,null,5,6,10,8,4,7,8,9,11,4,6,3,9.489051094890511,4.333333333333333,9,13,13.168187744458931,6.3125,67,101
21045,Marquise Brown,6,6,6,8,10,6,null,2,5,7,3,8,8,6,7,4,8,13.768115942028986,6.333333333333333,15,19,12.468827930174564,6.25,58,100
21961,Darnell Mooney,3,3,5,9,5,5,7,6,11,2,null,9,6,2,5,7,13,16.556291390728475,8.333333333333334,19,25,12.548015364916774,6.125,61,98
18928,Curtis Samuel,8,2,4,4,5,null,6,5,9,5,10,5,null,9,9,5,11,17.857142857142858,8.333333333333334,16,25,14.74164133738602,6.466666666666667,77,97
20943,Darius Slayton,9,6,7,7,11,4,4,9,1,7,null,2,1,8,9,8,4,13.72549019607843,7,8,21,11.060433295324971,6.0625,50,97
21747,Brandon Aiyuk,null,3,8,5,6,3,7,10,null,14,null,null,9,16,13,2,null,11.363636363636363,7.5,10,15,13.186813186813186,8,60,96
14005,T.Y. Hilton,9,5,3,5,10,5,null,2,null,5,6,5,11,7,6,7,7,15.873015873015873,6.666666666666667,10,20,13.517441860465116,6.2,56,93
17975,Hunter Henry,8,8,7,4,8,null,7,4,7,6,7,10,2,8,7,null,null,11.864406779661017,7,5,7,10.18619934282585,6.642857142857143,60,93
19816,DJ Chark Jr.,3,4,null,9,4,14,7,null,12,5,8,null,7,9,5,6,null,12.222222222222221,5.5,8,11,13.247863247863247,7.153846153846154,53,93
20753,Noah Fant,6,5,10,6,null,null,7,9,3,7,5,2,7,0,11,9,6,14.444444444444445,8.666666666666666,18,26,12.704918032786885,6.2,62,93
18879,Corey Davis,8,5,6,null,null,null,10,10,3,6,7,3,12,3,6,2,11,12.101910828025478,6.333333333333333,9,19,12.813370473537605,6.571428571428571,65,92
16451,Eric Ebron,2,5,7,null,6,4,8,5,6,6,7,11,11,5,1,7,null,12.307692307692308,4,5,8,11.879895561357703,6.066666666666666,56,91
17961,Sterling Shepard,6,4,null,null,null,null,8,10,8,6,null,8,6,5,7,12,10,19.594594594594593,9.666666666666666,21,29,16.0427807486631,7.5,66,90
19920,Dalton Schultz,4,10,6,8,3,5,4,8,7,null,6,5,4,3,2,4,10,8.16326530612245,5.333333333333333,12,16,9.165808444902163,5.5625,63,89
16866,Jamison Crowder,13,null,null,10,10,13,null,null,2,null,3,5,7,4,8,9,4,13.636363636363637,7,17,21,14.839797639123104,7.333333333333333,59,88
19514,Keelan Cole,5,7,6,5,6,9,2,null,2,7,5,6,2,12,2,5,7,10.9375,4.666666666666667,8,14,11.210191082802547,5.5,55,88
19843,Hayden Hurst,5,8,3,6,6,4,7,7,8,null,2,8,4,3,5,6,6,12.5,5.666666666666667,13,17,11.210191082802547,5.5,56,88
19803,Mark Andrews,6,3,8,3,9,4,null,6,5,9,7,null,null,6,5,10,7,18.181818181818183,7.333333333333333,15,22,14.74036850921273,6.285714285714286,58,88
18914,Mike Williams,9,4,1,null,8,null,3,8,7,5,7,5,9,0,2,10,7,16.10169491525424,6.333333333333333,12,19,10.638297872340425,5.666666666666667,48,85
19853,Mike Gesicki,5,11,3,3,6,2,null,2,4,5,5,5,11,6,null,7,10,15.596330275229358,8.5,9,17,13.687600644122384,5.666666666666667,53,85
18880,Chris Godwin,7,null,6,null,null,7,9,null,6,6,10,9,null,3,5,9,7,12.352941176470589,7,14,21,12.444444444444445,7,65,84
11063,Emmanuel Sanders,5,3,5,9,14,null,null,null,5,1,5,1,6,5,5,5,13,19.491525423728813,7.666666666666667,17,23,14.669051878354203,5.857142857142857,61,82
16781,Nelson Agholor,1,1,3,4,2,null,9,2,3,4,9,6,11,9,8,6,4,11.464968152866241,6,10,18,11.21751025991792,5.125,48,82
19017,Josh Reynolds,1,2,5,4,4,5,8,9,null,10,6,6,1,2,2,10,6,12.162162162162161,6,12,18,10.08717310087173,5.0625,52,81
20876,Jakobi Meyers,0,1,0,null,null,null,6,10,14,7,3,6,6,5,10,6,7,13.69047619047619,7.666666666666667,17,23,12.180451127819548,5.785714285714286,59,81
19207,Tim Patrick,5,5,4,7,null,8,4,null,9,6,8,2,4,5,4,4,4,8.695652173913043,4,8,12,10.533333333333333,5.266666666666667,51,79
19705,Greg Ward,7,1,11,7,5,3,6,5,null,6,4,3,5,5,5,3,3,6.962025316455696,3.6666666666666665,7,11,9.987357774968395,4.9375,53,79
19815,Christian Kirk,5,4,null,5,7,3,8,null,8,6,6,6,3,4,4,10,null,11.11111111111111,7,10,14,10.115236875800257,5.642857142857143,48,79
21697,Laviska Shenault Jr.,4,4,6,6,8,7,3,null,1,null,null,4,3,11,6,7,9,16.176470588235293,7.333333333333333,16,22,13.504273504273504,5.642857142857143,58,79
10974,Rob Gronkowski,3,1,7,3,6,8,8,4,6,3,6,7,null,2,7,2,4,9.285714285714286,4.333333333333333,7,13,9.517923362175525,4.8125,45,77
17141,Damiere Byrd,0,9,3,10,null,4,2,4,9,0,7,8,3,8,4,3,3,6.993006993006993,3.3333333333333335,5,10,8.546059933407324,4.8125,47,77
20924,Hunter Renfrow,2,3,9,8,2,null,6,4,3,2,2,9,6,7,2,5,7,13.592233009708737,4.666666666666667,9,14,14,4.8125,56,77
11488,Jimmy Graham,7,1,10,5,5,8,6,7,6,2,null,4,1,4,3,5,2,10.309278350515465,3.3333333333333335,8,10,11.949685534591195,4.75,50,76
19864,Anthony Miller,6,3,5,5,4,3,5,11,8,7,null,6,5,2,1,3,2,7.0588235294117645,2,5,6,13.013698630136986,4.75,49,76
19912,Nyheim Hines,8,1,5,3,4,6,null,5,3,6,4,10,3,4,3,4,7,24.56140350877193,4.666666666666667,12,14,19.437340153452684,4.75,63,76
17916,William Fuller V,10,0,5,7,8,11,6,null,5,8,8,7,null,null,null,null,null,null,null,0,0,12.998266897746968,6.818181818181818,53,75
19318,Kendrick Bourne,5,5,6,6,4,3,1,10,null,5,null,5,6,7,4,1,6,9.565217391304348,3.6666666666666665,10,11,10.755813953488373,4.933333333333334,49,74
14856,Zach Ertz,7,7,10,5,6,10,null,null,null,null,null,null,4,3,7,7,6,10.81081081081081,6.666666666666667,8,20,11.35646687697161,6.545454545454546,36,72
5571,Larry Fitzgerald,5,7,3,3,7,4,8,null,5,5,10,null,null,3,4,8,null,10.256410256410257,6,9,12,9.664429530201343,5.538461538461538,54,72
17923,Ezekiel Elliott,4,7,11,8,2,10,2,2,3,null,2,3,6,3,null,4,4,9.523809523809524,4,7,8,9.021601016518424,4.733333333333333,52,71
19172,Zach Pascal,3,4,4,8,2,7,null,6,6,5,3,4,1,2,6,6,4,9.75609756097561,5.333333333333333,10,16,8.513189448441247,4.4375,44,71
16887,Mike Davis,0,8,9,6,10,3,5,2,6,5,2,6,null,6,2,0,null,2.5641025641025643,1,2,2,12.048192771084338,4.666666666666667,59,70
17963,Austin Hooper,2,4,4,7,10,6,null,null,null,2,5,2,2,null,6,15,5,16.774193548387096,8.666666666666666,16,26,10.23391812865497,5.384615384615385,46,70
9906,Danny Amendola,7,7,4,3,null,2,4,4,10,3,null,null,5,7,4,7,2,15.853658536585366,4.333333333333333,9,13,14.935064935064934,4.928571428571429,46,69
13291,Julio Jones,12,4,null,4,null,10,9,10,7,null,2,null,10,null,null,null,null,null,null,0,0,14.52991452991453,7.555555555555555,51,68
20882,David Montgomery,3,3,3,6,8,5,5,5,3,null,null,6,4,4,2,2,9,7.303370786516854,4.333333333333333,12,13,8.959156785243742,4.533333333333333,54,68
19919,Chase Edmonds,5,4,2,6,6,2,7,null,3,3,4,5,5,5,5,3,2,13.698630136986301,3.3333333333333335,7,10,12.737642585551331,4.1875,53,67
20762,Travis Fulgham,null,null,null,3,13,10,11,7,null,5,7,2,2,0,2,3,2,9.090909090909092,2.3333333333333335,5,7,12.13768115942029,5.153846153846154,38,67
18990,Jonnu Smith,7,5,8,null,7,2,4,2,2,6,6,0,null,2,5,7,2,9.722222222222221,4.666666666666667,9,14,8.724832214765101,4.333333333333333,41,65
19562,Austin Ekeler,1,4,11,1,null,null,null,null,null,null,null,16,9,9,4,3,7,12.962962962962964,4.666666666666667,13,14,15.815085158150852,6.5,54,65
19863,Dallas Goedert,9,8,1,null,null,null,null,1,null,6,6,10,7,6,8,3,null,9.649122807017545,5.5,7,11,10.79734219269103,5.909090909090909,46,65
16837,Chris Conley,1,7,8,4,2,2,2,null,8,8,4,null,2,0,3,3,9,14.705882352941176,5,11,15,14.350797266514807,4.2,40,63
19045,Aaron Jones,6,8,4,5,null,5,null,null,5,6,4,2,3,3,4,3,5,10.619469026548673,4,9,12,11.688311688311689,4.5,47,63
19063,George Kittle,5,null,null,15,8,10,7,4,null,null,null,null,null,null,null,5,9,20.28985507246377,7,11,14,14.221218961625283,7.875,48,63
19976,Marquez Valdes-Scantling,6,7,4,8,null,5,4,1,4,6,6,0,2,6,1,0,3,3.883495145631068,1.3333333333333333,2,4,7.934508816120907,3.9375,33,63
16056,James White,3,null,null,8,null,9,1,4,5,2,9,1,4,2,4,3,7,22.22222222222222,4.666666666666667,11,14,18.78787878787879,4.428571428571429,49,62
18935,Gerald Everett,2,0,2,1,4,4,5,9,null,3,5,2,7,3,5,3,7,11.71875,5,6,15,9.748427672955975,3.875,41,62
20788,Mecole Hardman,1,3,6,4,3,1,2,9,4,null,1,5,3,3,9,6,2,16.19047619047619,5.666666666666667,8,17,12.424849699398798,3.875,41,62
21735,Gabriel Davis,2,1,4,1,9,1,3,2,5,3,null,4,4,8,5,5,5,8.426966292134832,5,7,15,7.779171894604768,3.875,35,62
11056,Antonio Brown,null,null,null,null,null,null,null,null,5,8,13,3,null,5,7,6,14,20.149253731343283,9,20,27,18.88544891640867,7.625,45,61
21744,Michael Pittman Jr.,2,6,4,null,null,null,null,1,7,8,3,9,5,5,3,6,2,7.189542483660131,3.6666666666666665,7,11,8.726752503576538,4.6923076923076925,40,61
14918,Tyler Eifert,1,6,3,6,7,0,null,null,5,4,5,4,6,2,4,5,2,10.891089108910892,3.6666666666666665,6,11,10.94890510948905,4,36,60
8534,Jared Cook,7,5,3,null,3,null,4,7,3,2,1,2,5,4,5,4,5,15.217391304347826,4.666666666666667,9,14,12.875536480686696,4,37,60
16787,Breshad Perriman,5,2,null,null,null,8,2,null,7,null,4,8,4,7,1,6,6,6.914893617021277,4.333333333333333,4,13,9.216589861751151,5,30,60
18032,Tyler Higbee,4,5,2,4,2,4,null,4,null,6,4,2,6,2,5,6,4,9.316770186335404,5,10,15,7.361963190184049,4,44,60
21970,James Robinson,1,4,6,4,7,4,6,null,2,5,2,6,6,4,3,null,null,8.333333333333334,3,3,3,9.360374414976599,4.285714285714286,49,60
14916,Giovani Bernard,5,7,3,0,2,3,5,4,null,7,5,3,2,3,1,8,1,10.204081632653061,3.3333333333333335,8,10,11.411992263056092,3.6875,47,59
18047,Demarcus Robinson,6,4,1,0,4,6,1,5,3,null,8,6,2,1,3,2,7,8.695652173913043,4,10,12,8.29817158931083,3.6875,45,59
19491,Robert Tonyan,0,3,5,6,null,4,2,7,1,4,5,5,5,5,3,2,2,6.60377358490566,2.3333333333333335,6,7,9.247648902821316,3.6875,52,59
20792,N'Keal Harry,6,12,4,6,null,2,2,null,null,0,8,2,3,4,2,4,2,6.451612903225806,2.6666666666666665,4,8,9.76027397260274,4.071428571428571,33,57
21684,D'Andre Swift,5,5,2,4,null,4,5,4,5,5,null,null,null,5,5,5,3,11.711711711711711,4.333333333333333,11,13,14.321608040201005,4.384615384615385,46,57
19865,James Washington,3,5,7,null,4,7,1,1,2,2,3,3,4,6,3,3,2,10.666666666666666,2.6666666666666665,2,8,11.522633744855968,3.5,30,56
21759,K.J. Hamler,null,7,5,0,null,null,3,3,10,10,6,0,5,3,4,0,null,7.017543859649122,2,1,4,10.748560460652591,4.3076923076923075,30,56
16003,Sammy Watkins,9,3,8,7,2,null,null,null,null,null,null,7,6,3,6,4,null,7.633587786259542,5,6,10,10.436432637571157,5.5,37,55
17960,Michael Thomas,5,null,null,null,null,null,null,null,6,7,12,6,11,8,null,null,null,null,null,0,0,15.942028985507246,7.857142857142857,40,55
20038,Braxton Berrios,0,8,4,3,2,3,7,11,1,null,0,0,2,5,3,3,3,42.857142857142854,3,8,9,18.900343642611684,3.4375,37,55
21448,Jalen Guyton,1,2,3,1,3,null,3,4,2,6,1,4,7,3,6,5,4,9.67741935483871,5,7,15,5.984766050054407,3.4375,28,55
18103,Jakeem Grant Sr.,3,1,1,5,3,4,null,2,5,5,6,2,6,5,null,6,null,31.57894736842105,6,5,6,14.594594594594595,3.857142857142857,36,54
18872,Dalvin Cook,2,2,5,2,5,null,null,3,2,4,5,4,9,4,5,2,null,7.865168539325842,3.5,7,7,8.071748878923767,3.857142857142857,44,54
21686,Jalen Reagor,4,4,null,null,null,null,null,6,null,7,5,7,1,4,8,7,1,14.814814814814815,5.333333333333333,9,16,10.588235294117647,4.909090909090909,31,54
21769,Clyde Edwards-Helaire,2,8,6,3,8,4,4,3,5,null,2,1,null,6,2,null,null,4.444444444444445,2,1,2,9.96309963099631,4.153846153846154,36,54
19296,Anthony Firkser,2,4,0,null,5,9,2,3,6,3,5,1,7,1,1,2,2,14.285714285714286,1.6666666666666667,4,5,15.229885057471265,3.3125,39,53
20931,Drew Sample,1,9,1,5,2,1,6,1,null,2,4,5,7,4,1,1,3,3.3783783783783785,1.6666666666666667,4,5,6.105990783410138,3.3125,40,53
21138,Scotty Miller,6,3,5,7,0,2,9,6,3,1,0,1,null,2,3,2,3,12.5,2.6666666666666665,5,8,12.045454545454545,3.3125,33,53
11611,Golden Tate,null,5,7,6,5,1,2,3,null,5,null,9,4,2,3,null,null,10,3,2,3,12.264150943396226,4.333333333333333,35,52
16640,John Brown,10,6,2,5,null,4,null,2,11,8,null,null,null,null,null,null,4,13.333333333333334,4,4,4,11.479028697571744,5.777777777777778,33,52
18089,Rashard Higgins,1,0,null,null,3,2,6,3,null,4,4,2,9,10,5,null,3,8.791208791208792,4,6,8,10.358565737051793,4,37,52
20933,Miles Sanders,null,7,8,4,4,2,null,null,null,5,5,3,1,5,2,6,null,6.349206349206349,4,5,8,8.637873754152825,4.333333333333333,28,52
18944,Kareem Hunt,6,2,3,0,4,3,4,3,null,4,1,2,3,7,3,5,1,9.89010989010989,3,7,9,9.306569343065693,3.1875,38,51
19897,Tre'Quan Smith,1,7,6,4,3,null,4,7,2,1,0,1,6,6,2,null,null,8.333333333333334,2,1,2,7.440476190476191,3.5714285714285716,34,50
20941,Devin Singletary,7,3,5,6,1,2,5,1,3,3,null,3,4,1,3,2,1,6.521739130434782,2,6,6,8.051529790660226,3.125,38,50
19903,Jordan Akins,2,7,3,3,null,null,null,null,4,1,6,2,3,6,6,4,2,16.438356164383563,4,10,12,12.098765432098766,3.769230769230769,37,49
20529,Cam Sims,0,1,0,2,0,1,1,null,4,5,2,0,9,2,8,9,5,10.42654028436019,7.333333333333333,13,22,7.668231611893583,3.0625,32,49
13227,Randall Cobb,3,6,4,5,6,4,10,null,3,5,2,null,null,null,null,null,null,null,null,0,0,13.008130081300813,4.8,38,48
16141,Willie Snead IV,4,2,2,2,3,2,null,7,4,7,7,null,null,5,1,2,null,5.454545454545454,1.5,2,3,8.97196261682243,3.6923076923076925,33,48
15965,Trey Burton,null,null,null,5,6,5,null,4,4,3,5,6,3,0,2,4,0,8.219178082191782,2,4,6,12.533333333333333,3.6153846153846154,28,47
18803,Leonard Fournette,1,5,2,null,0,null,7,6,6,3,4,3,null,null,5,3,2,10,3.3333333333333335,8,10,12.27154046997389,3.6153846153846154,36,47
19120,David Moore,3,3,1,4,3,null,3,3,6,3,2,3,2,5,4,1,1,8.333333333333334,2,4,6,9.751037344398341,2.9375,35,47
20768,Myles Gaskin,4,7,5,4,5,4,null,6,null,null,null,null,2,null,null,5,5,10.1010101010101,5,9,10,10.375275938189846,4.7,41,47
16510,Jerick McKinnon,5,1,4,8,4,3,0,4,4,3,null,3,0,0,2,4,1,21.21212121212121,2.3333333333333335,6,7,12.365591397849462,2.875,33,46
15100,Jordan Reed,2,8,6,null,null,null,null,null,2,6,null,6,4,5,5,2,null,13.461538461538462,3.5,2,7,18.62348178137652,4.6,26,46
16847,David Johnson,4,4,3,3,4,2,4,null,1,null,null,null,2,null,11,3,5,11.377245508982035,6.333333333333333,17,19,8.348457350272232,3.8333333333333335,33,46
19119,Chris Carson,6,3,3,4,7,null,2,null,null,null,null,2,6,5,3,3,2,7.2727272727272725,2.6666666666666665,7,8,11.41439205955335,3.8333333333333335,37,46
20145,Allen Lazard,4,5,8,null,null,null,null,null,null,null,4,6,4,3,6,2,4,9.6,4,9,12,9.787234042553191,4.6,33,46
19947,Chris Herndon,7,4,5,3,3,0,1,2,0,null,3,0,0,1,4,4,9,11.333333333333334,5.666666666666667,14,17,6.814814814814815,2.875,31,46
19659,Dan Arnold,2,4,2,4,0,0,3,null,1,4,2,3,3,4,5,5,3,13.829787234042554,4.333333333333333,9,13,9.574468085106384,2.8125,31,45
20824,Josh Jacobs,6,3,4,4,3,null,4,1,1,4,1,3,null,5,3,2,1,4.918032786885246,2,3,6,7.305194805194805,3,33,45
21741,Denzel Mims,null,null,null,null,null,null,7,3,8,null,8,8,3,null,4,2,2,5.755395683453237,2.6666666666666665,4,8,10.250569476082005,5,23,45
16776,Melvin Gordon III,3,3,6,3,null,null,4,7,1,2,0,0,2,3,4,0,6,7.352941176470588,3.3333333333333335,8,10,7.017543859649122,2.933333333333333,32,44
19098,Isaiah Ford,5,9,2,10,2,0,null,1,null,null,null,null,null,null,3,5,7,10,5,10,15,11.733333333333333,4.4,28,44
19916,DaeSean Hamilton,3,3,0,3,null,2,3,5,2,6,0,1,0,1,0,9,6,10.638297872340425,5,7,15,8.25515947467167,2.75,23,44
20850,Dawson Knox,3,3,null,3,3,null,null,null,0,4,null,1,4,7,4,4,8,12.121212121212121,5.333333333333333,7,16,9.034907597535934,3.6666666666666665,24,44
20932,Deebo Samuel,null,null,null,3,8,6,5,null,null,null,null,13,9,0,null,null,null,null,null,0,0,14.426229508196721,6.285714285714286,33,44
21772,Cole Kmet,1,1,0,1,0,2,2,1,0,3,null,3,7,7,2,6,8,8.16326530612245,5.333333333333333,11,16,7.296849087893864,2.75,28,44
21861,Antonio Gibson,2,2,3,5,5,5,1,null,3,4,2,7,0,null,null,4,1,8.620689655172415,2.5,4,5,10.83743842364532,3.142857142857143,36,44
16389,Odell Beckham Jr.,10,6,6,8,9,3,1,null,null,null,null,null,null,null,null,null,null,null,null,0,0,13.60759493670886,6.142857142857143,23,43
18983,James Conner,4,2,5,null,3,1,5,3,2,2,3,null,null,0,null,5,8,15.294117647058824,6.5,10,13,7.664884135472371,3.3076923076923075,35,43
20949,Irv Smith Jr.,1,4,0,1,5,5,null,1,4,null,2,null,null,4,4,9,3,9.142857142857142,5.333333333333333,11,16,7.889908256880734,3.3076923076923075,30,43
21694,Henry Ruggs III,5,3,null,null,3,null,3,4,3,4,1,5,4,3,null,2,3,6.25,2.5,3,5,7.401032702237521,3.3076923076923075,26,43
19861,Ronald Jones II,3,2,4,9,5,2,2,4,4,2,1,2,null,2,null,null,0,0,null,0,0,9.312638580931264,3,28,42
19281,Jacob Hollister,1,0,2,0,0,null,3,2,7,1,3,5,4,1,2,6,3,9.649122807017545,3.6666666666666665,5,11,10.695187165775401,2.5,25,40
19937,Keke Coutee,null,2,null,null,null,null,null,null,null,null,4,3,9,3,7,5,7,14.960629921259843,6.333333333333333,16,19,13.698630136986301,5,33,40
20912,Tony Pollard,3,1,1,2,3,4,1,2,2,null,0,2,1,2,9,2,5,13.445378151260504,5.333333333333333,10,16,11.019283746556473,2.5,28,40
8355,Julian Edelman,7,11,6,6,null,6,3,null,null,null,null,null,null,null,null,null,null,null,null,0,0,14.716981132075471,6.5,21,39
21682,Jonathan Taylor,6,2,1,1,3,4,null,2,2,2,4,null,3,2,5,0,2,5.2631578947368425,2.3333333333333335,5,7,7.632093933463796,2.6,36,39
16933,James O'Shaughnessy,1,4,4,2,3,1,3,null,2,1,null,4,6,2,1,3,1,6.097560975609756,1.6666666666666667,4,5,8.15450643776824,2.533333333333333,28,38
18900,Mo Alie-Cox,2,6,3,2,1,null,null,4,3,4,2,2,5,1,2,1,0,3.896103896103896,1,3,3,7.5546719681908545,2.533333333333333,31,38
21783,Harrison Bryant,2,2,2,4,1,2,5,3,null,0,0,2,0,6,2,7,null,9.278350515463918,4.5,5,9,6.440677966101695,2.533333333333333,24,38
13275,Kyle Rudolph,2,1,3,2,2,4,null,1,4,5,3,8,2,null,null,null,null,null,null,0,0,6.468531468531468,3.0833333333333335,28,37
1658,Greg Olsen,4,1,6,7,1,null,3,4,3,4,2,null,null,null,null,2,null,16.666666666666668,2,1,2,8.624708624708624,3.3636363636363638,24,37
19824,Kalen Ballage,null,2,5,3,null,null,null,null,3,6,9,null,4,2,0,3,0,4.838709677419355,1,2,3,12.29235880398671,3.3636363636363638,29,37
21078,Jeff Smith,null,null,null,9,11,4,1,8,0,null,1,1,null,2,0,0,0,0,null,0,0,11.635220125786164,3.0833333333333335,17,37
21400,Steven Sims Jr.,3,5,0,null,null,null,null,null,1,6,3,1,6,3,2,6,1,8.653846153846153,3,6,9,9.762532981530343,3.0833333333333335,27,37
21743,Lynn Bowden Jr.,null,1,null,0,0,0,null,null,null,null,null,1,4,9,7,3,12,10.891089108910892,7.333333333333333,16,22,10.979228486646884,3.7,28,37
20039,Boston Scott,2,3,1,0,0,4,5,2,null,1,3,6,2,1,1,0,5,8.695652173913043,2,3,6,9.399477806788513,2.25,25,36
16838,Duke Johnson,1,null,null,4,1,2,5,null,4,1,5,4,6,2,null,null,null,null,null,0,0,9.887005649717514,3.1818181818181817,28,35
17290,Adam Humphries,7,6,7,null,null,6,3,2,null,null,null,null,4,null,null,null,null,null,null,0,0,15.418502202643172,5,23,35
18995,Jamaal Williams,4,0,1,8,null,1,5,6,null,4,2,0,2,0,2,null,0,12.5,1,2,2,8.353221957040573,2.5,31,35
20077,Richie James,null,null,null,null,null,0,0,null,13,5,null,1,0,3,7,1,5,8.333333333333334,4.333333333333333,7,13,8.860759493670885,3.5,23,35
20820,Andy Isabella,0,3,4,3,3,2,3,null,3,1,2,6,5,null,null,null,0,null,null,0,0,11.437908496732026,2.6923076923076925,21,35
20988,Preston Williams,7,5,2,3,5,3,null,5,5,null,null,null,null,null,null,null,null,null,null,0,0,10.416666666666666,4.375,18,35
21729,Quintez Cephus,10,3,0,0,null,null,null,null,2,2,2,2,4,2,3,2,3,9.876543209876543,2.6666666666666665,4,8,9.58904109589041,2.6923076923076925,20,35
21755,Isaiah Wright,0,null,6,5,1,5,null,null,3,6,1,0,4,1,2,1,0,8.108108108108109,1,2,3,10.086455331412104,2.5,27,35
16593,Cameron Brate,1,0,0,1,6,1,1,2,0,3,4,6,null,1,4,2,2,8.98876404494382,2.6666666666666665,7,8,10.69182389937107,2.125,28,34
16771,Todd Gurley II,5,0,2,1,5,4,3,0,2,null,2,null,1,3,2,3,1,8.450704225352112,2,6,6,6.70611439842209,2.2666666666666666,25,34
19043,Isaiah McKenzie,3,2,2,1,4,1,2,0,1,1,null,0,2,1,1,4,9,12.5,4.666666666666667,11,14,12.592592592592593,2.125,30,34
15602,Jack Doyle,4,null,0,1,2,3,null,3,2,null,2,1,1,3,2,6,3,9.01639344262295,3.6666666666666665,9,11,6.111111111111111,2.357142857142857,23,33
14917,Rex Burkhead,0,6,10,1,null,0,4,1,3,5,3,null,null,null,null,null,null,null,null,0,0,12.267657992565056,3.3,25,33
17053,Malcolm Brown,4,0,2,6,2,4,1,2,null,2,1,2,1,1,1,3,1,6.024096385542169,1.6666666666666667,3,5,6.991525423728813,2.0625,23,33
21037,Miles Boykin,4,5,2,4,2,2,null,3,1,0,0,0,3,1,2,2,2,5.2631578947368425,2,3,6,6.043956043956044,2.0625,19,33
18717,Marvin Hall,2,2,0,1,null,2,1,7,5,3,3,4,null,null,null,2,null,2.7027027027027026,2,1,2,8.719346049046322,2.6666666666666665,18,32
18977,Kenny Golladay,null,null,7,8,null,6,7,4,null,null,null,null,null,null,null,null,null,null,null,0,0,14.15929203539823,6.4,20,32
21142,Olamide Zaccheaus,0,1,6,9,4,2,0,0,6,null,1,3,null,null,null,null,null,null,null,0,0,10.38961038961039,2.909090909090909,20,32
16491,Richard Rodgers,0,0,2,4,1,3,8,0,null,5,2,6,0,0,0,null,null,null,null,0,0,11.272727272727273,2.2142857142857144,24,31
17959,Derrick Henry,3,2,3,null,2,5,2,1,0,2,2,4,1,2,2,0,0,1.4285714285714286,0.6666666666666666,2,2,4.403409090909091,1.9375,19,31
18003,Kenyan Drake,2,2,1,0,1,2,2,null,null,1,5,4,3,1,2,2,3,6.086956521739131,2.3333333333333335,7,7,5.040650406504065,2.066666666666667,25,31
19910,Ian Thomas,2,0,2,5,1,1,1,3,2,1,0,2,null,4,4,0,3,5.343511450381679,2.3333333333333335,4,7,4.599406528189911,1.9375,20,31
21730,Collin Johnson,1,3,2,0,4,0,1,null,2,0,0,8,6,3,1,null,null,null,1,1,1,13.080168776371307,2.2142857142857144,18,31
21739,Van Jefferson,3,5,1,1,0,1,1,2,null,1,1,0,5,0,1,1,8,13.88888888888889,3.3333333333333335,4,10,12.109375,1.9375,19,31
12708,Dion Lewis,1,5,3,3,4,1,0,3,2,2,null,3,0,0,2,0,1,5.555555555555555,1,2,3,9.868421052631579,1.875,19,30
14901,Kyle Juszczyk,3,2,1,2,1,2,2,2,1,1,null,2,1,3,2,3,2,6.730769230769231,2.3333333333333335,4,7,6.3559322033898304,1.875,19,30
19033,Brian Hill,2,2,3,2,2,2,3,3,1,null,0,1,0,1,2,3,3,12.307692307692308,2.6666666666666665,8,8,9.174311926605505,1.875,25,30
20582,Chad Beebe,null,null,1,0,2,6,null,1,0,2,0,7,3,3,2,0,3,7.936507936507937,1.6666666666666667,4,5,9.554140127388536,2.142857142857143,20,30
18876,David Njoku,3,null,null,null,1,3,3,3,null,0,1,0,1,4,1,4,5,9.00900900900901,3.3333333333333335,7,10,7.073170731707317,2.230769230769231,19,29
19943,Durham Smythe,0,0,1,2,null,2,null,2,1,2,1,3,2,3,5,2,3,10.526315789473685,3.3333333333333335,10,10,6.458797327394209,1.9333333333333333,26,29
19950,Will Dissly,2,1,2,2,1,null,4,1,1,2,1,0,5,2,0,3,2,4.132231404958677,1.6666666666666667,4,5,5.206463195691203,1.8125,24,29
21731,John Hightower,4,0,3,2,6,4,2,3,null,0,0,1,2,null,null,null,2,16.666666666666668,2,0,2,8.38150289017341,2.230769230769231,10,29
15247,Darren Fells,2,4,2,2,2,7,0,null,2,1,2,0,1,1,0,2,0,3.125,0.6666666666666666,1,2,5.204460966542751,1.75,21,28
18209,Marcus Johnson,null,null,null,1,3,8,null,4,7,1,3,0,0,1,0,null,null,null,null,0,0,9.180327868852459,2.5454545454545454,14,28
16728,Dontrelle Inman,5,5,6,5,1,5,0,null,null,null,null,1,0,null,null,null,0,null,null,0,0,8.6687306501548,2.8,18,28
20013,Cedrick Wilson,0,0,7,6,4,3,0,2,3,null,2,0,0,0,0,0,1,2.7777777777777777,0.3333333333333333,1,1,12.280701754385966,1.75,17,28
20360,Jeff Wilson Jr.,null,0,3,1,1,null,2,null,null,null,null,0,5,3,4,2,7,9.774436090225564,4.333333333333333,4,13,9.003215434083602,2.5454545454545454,13,28
18996,Wayne Gallman II,1,null,3,0,2,0,5,1,2,2,null,5,0,4,0,2,0,2.272727272727273,0.6666666666666666,2,2,6.90537084398977,1.8,21,27
21750,Marquez Callaway,null,0,0,1,6,null,10,null,2,0,0,0,null,null,null,4,4,8.98876404494382,4,6,8,10.150375939849624,2.4545454545454546,21,27
15071,Latavius Murray,1,2,1,2,2,null,1,3,2,0,2,1,2,1,3,3,null,13.333333333333334,3,5,6,7.142857142857143,1.7333333333333334,23,26
14828,Chris Hogan,4,8,3,8,3,null,null,null,null,null,null,null,null,null,null,null,null,null,null,0,0,9.489051094890511,5.2,14,26
3943,DeSean Jackson,7,9,4,null,null,null,5,null,null,null,null,null,null,null,null,1,null,5,1,1,1,14.525139664804469,5.2,14,26
18858,Joe Mixon,2,4,3,6,8,3,null,null,null,null,null,null,null,null,null,null,null,null,null,0,0,8.96551724137931,4.333333333333333,21,26
19822,Kerryon Johnson,0,1,1,1,null,2,0,2,3,0,5,4,3,1,0,2,1,11.11111111111111,1,2,3,8.783783783783784,1.625,19,26
19924,Ito Smith,3,0,2,3,0,1,1,null,null,null,0,5,2,1,3,1,4,12.121212121212121,2.6666666666666665,4,8,11.555555555555555,1.8571428571428572,17,26
19988,Tyler Conklin,0,0,0,0,0,0,null,0,0,2,0,2,1,5,4,6,6,10.19108280254777,5.333333333333333,10,16,5.803571428571429,1.625,19,26
20500,Darrel Williams,2,1,2,1,5,1,null,1,1,null,3,null,2,null,0,6,1,9.58904109589041,2.3333333333333335,5,7,9.774436090225564,2,18,26
20838,Tyron Johnson,null,null,null,1,0,null,1,null,1,0,1,4,1,7,5,3,2,8,3.3333333333333335,8,10,9.885931558935361,2.1666666666666665,20,26
21721,Devin Duvernay,1,1,3,2,2,3,null,3,0,3,2,3,1,0,0,1,1,3.508771929824561,0.6666666666666666,1,2,7.492795389048991,1.625,20,26
15150,Cordarrelle Patterson,1,2,0,2,3,1,4,2,4,2,null,0,2,1,1,0,0,4.761904761904762,0.3333333333333333,1,1,12.254901960784315,1.5625,21,25
19023,Mack Hollins,0,0,0,0,0,0,null,0,1,1,2,3,1,9,3,4,1,6.504065040650406,2.6666666666666665,5,8,8.710801393728223,1.5625,16,25
21163,Deonte Harris,1,5,3,2,null,null,5,3,1,4,1,null,null,null,null,null,null,null,null,0,0,14.792899408284024,2.7777777777777777,20,25
13878,Mohamed Sanu Sr.,null,0,1,0,null,null,null,null,null,null,0,4,2,2,5,4,6,14.018691588785046,5,8,15,8.51063829787234,2.4,17,24
19021,Chad Hansen,null,null,null,null,null,null,null,null,null,null,null,null,7,7,3,3,4,5.813953488372093,3.3333333333333335,5,10,8.450704225352112,4.8,17,24
20064,Justin Jackson,0,null,null,2,6,null,6,5,0,null,null,null,null,3,null,0,2,6.666666666666667,1,1,2,12.631578947368421,2.6666666666666665,19,24
20361,Ross Dwelley,0,1,4,0,0,0,0,4,3,2,null,2,2,2,2,0,2,3.9215686274509802,1.3333333333333333,4,4,4.8,1.5,19,24
20798,Darrell Henderson Jr.,0,3,3,1,4,0,2,2,null,1,3,1,3,0,1,0,null,2.6315789473684212,0.5,1,1,6.896551724137931,1.6,16,24
21674,J.K. Dobbins,0,1,4,2,3,4,null,2,2,2,2,null,0,0,1,1,0,1.9607843137254901,0.6666666666666666,1,2,5.2631578947368425,1.6,18,24
15102,Chris Thompson,2,4,6,0,3,4,null,null,4,0,null,null,null,null,null,null,null,null,null,0,0,14.465408805031446,2.875,20,23
18690,Jalen Richard,1,0,3,4,5,null,0,1,1,0,null,null,1,5,1,1,null,10,1,2,2,12.105263157894736,1.7692307692307692,19,23
19080,Noah Brown,0,2,2,4,0,2,0,2,0,null,1,0,4,0,6,0,0,16.666666666666668,2,1,6,10.13215859030837,1.4375,14,23
20835,KeeSean Johnson,null,null,7,null,1,null,null,null,null,null,null,1,4,2,3,3,2,8.88888888888889,2.6666666666666665,6,8,10.74766355140187,2.875,15,23
21776,Joshua Kelley,0,2,2,3,1,null,5,1,5,0,2,0,2,null,0,null,0,null,null,0,0,7.744107744107744,1.6428571428571428,23,23
16920,Jesse James,0,0,4,2,null,2,0,1,1,3,2,1,3,0,1,1,1,4.166666666666667,1,2,3,4.731182795698925,1.375,14,22
18931,Adam Shaheen,0,2,0,1,1,3,null,1,1,1,0,2,1,3,2,1,3,7.792207792207792,2,3,6,5.994550408719346,1.375,12,22
19961,Ray-Ray McCloud,0,0,0,null,3,1,2,1,2,2,4,1,3,0,1,0,2,15,1,3,3,13.333333333333334,1.375,20,22
20057,Auden Tate,0,null,4,1,1,null,1,7,null,4,2,2,null,null,null,null,null,null,null,0,0,12.941176470588236,2.4444444444444446,14,22
18019,Nick Vannett,2,2,null,2,null,1,3,0,1,0,2,1,2,4,1,0,0,1.6129032258064515,0.3333333333333333,0,1,5.8171745152354575,1.4,14,21
17970,Devontae Booker,3,1,0,0,1,null,2,1,0,1,1,4,2,3,0,2,0,4.878048780487805,0.6666666666666666,2,2,8.823529411764707,1.3125,17,21
18445,Mike Thomas,3,4,2,1,1,3,3,0,null,2,null,null,0,1,0,1,0,4.3478260869565215,0.3333333333333333,0,1,9.170305676855895,1.5,13,21
19064,Trent Taylor,5,3,1,1,0,2,0,5,4,0,null,0,null,null,0,null,null,null,null,0,0,10.447761194029852,1.75,10,21
20837,Ty Johnson,0,1,null,null,null,1,0,1,0,null,6,2,2,0,6,0,2,10.81081081081081,2.6666666666666665,8,8,12.068965517241379,1.6153846153846154,16,21
20946,Kaden Smith,2,3,2,1,1,3,0,2,1,2,null,null,1,1,1,0,1,2.4096385542168677,0.6666666666666666,2,2,4.635761589403973,1.4,18,21
21960,Freddie Swain,1,1,1,3,2,null,1,0,2,4,0,0,1,3,1,0,1,3.7735849056603774,0.6666666666666666,1,2,5.982905982905983,1.3125,13,21
15239,Vance McDonald,2,2,3,null,1,0,2,0,1,null,null,0,0,2,0,1,6,5.185185185185185,2.3333333333333335,6,7,4.140786749482402,1.4285714285714286,15,20
14967,Le'Veon Bell,2,null,null,null,1,null,0,3,1,null,1,2,3,3,1,3,null,7.8431372549019605,2,2,4,7.407407407407407,1.8181818181818181,16,20
16668,Carlos Hyde,0,2,1,null,null,null,4,null,null,null,3,3,3,0,3,1,null,13.333333333333334,2,3,4,7.6923076923076925,2,16,20
18926,Zay Jones,0,1,3,7,1,null,0,0,0,1,1,1,1,0,2,0,2,4.705882352941177,1.3333333333333333,2,4,6.944444444444445,1.25,14,20
19044,Jamal Agnew,1,1,2,2,null,2,1,0,null,null,6,1,2,1,1,0,0,3.0303030303030303,0.3333333333333333,1,1,9.950248756218905,1.4285714285714286,13,20
19626,Dare Ogunbowale,null,0,0,0,0,0,0,null,0,2,2,null,2,1,1,5,7,11.206896551724139,4.333333333333333,8,13,10.81081081081081,1.4285714285714286,10,20
20069,Ryan Izzo,2,2,1,3,null,3,1,3,0,1,3,0,1,null,null,null,null,null,null,0,0,3.194888178913738,1.6666666666666667,13,20
20905,Donald Parham Jr.,null,null,null,1,1,null,1,0,3,1,0,1,4,0,1,3,4,7.4766355140186915,2.6666666666666665,5,8,9.090909090909092,1.5384615384615385,10,20
21754,Donovan Peoples-Jones,null,null,null,0,0,1,3,0,null,2,0,0,3,5,3,null,3,12.244897959183673,3,4,6,7.462686567164179,1.6666666666666667,14,20
21804,DeeJay Dallas,null,null,0,2,0,null,3,5,2,3,2,0,3,0,0,null,null,null,null,0,0,13.698630136986301,1.6666666666666667,17,20
5820,Frank Gore,0,2,1,2,0,4,0,0,2,null,2,3,0,1,1,1,null,2.816901408450704,1,2,2,5,1.2666666666666666,16,19
15196,Kenny Stills,2,3,4,4,1,0,4,null,0,1,0,null,null,null,null,null,null,null,null,0,0,11.44578313253012,1.9,11,19
11932,LeSean McCoy,1,7,4,1,null,1,null,null,null,0,null,0,null,1,3,1,null,16,2,4,4,16.379310344827587,1.9,15,19
17217,Raheem Mostert,5,2,null,null,3,2,null,null,null,null,null,2,1,4,0,null,null,0,null,0,0,8.016877637130802,2.375,16,19
18877,Christian McCaffrey,4,5,null,null,null,null,null,null,10,null,null,null,null,null,null,null,null,null,null,0,0,11.11111111111111,6.333333333333333,17,19
18901,O.J. Howard,6,3,4,6,null,null,null,null,null,null,null,null,null,null,null,null,null,null,null,0,0,14.393939393939394,4.75,11,19
20836,Bisi Johnson,4,3,null,1,1,null,null,null,null,1,1,7,null,null,null,1,null,9.090909090909092,1,1,1,11.242603550295858,2.375,14,19
4807,Adrian Peterson,3,0,1,2,null,1,1,1,5,1,1,0,1,1,0,0,0,0,null,0,0,5.69620253164557,1.125,12,18
19798,Nick Chubb,1,1,1,0,null,null,null,null,null,1,0,3,1,2,2,5,1,7.142857142857143,2.6666666666666665,7,8,4.390243902439025,1.5,16,18
20224,Christian Blake,0,0,0,5,0,2,0,2,3,null,4,1,0,0,1,0,0,2.127659574468085,0.3333333333333333,1,1,6.545454545454546,1.125,13,18
20487,Brandon Powell,0,0,4,0,1,0,2,0,1,null,0,2,1,1,4,2,null,14.634146341463415,3,3,6,9.94475138121547,1.2,12,18
21675,Tyler Johnson,null,null,0,0,6,1,2,2,1,1,0,1,null,0,1,1,2,7.407407407407407,1.3333333333333333,2,4,6.7924528301886795,1.2857142857142858,12,18
21784,Zack Moss,4,0,null,null,null,0,3,1,2,2,null,2,1,1,0,1,1,2.272727272727273,0.6666666666666666,2,2,4.4665012406947895,1.3846153846153846,14,18
722,Jason Witten,1,1,0,2,2,null,1,2,1,0,1,0,1,0,0,5,0,6.666666666666667,1.6666666666666667,2,5,4.207920792079208,1.0625,13,17
3061,Marcedes Lewis,0,1,2,null,null,2,3,0,1,0,1,4,1,1,0,0,1,1.2195121951219512,0.3333333333333333,1,1,4.028436018957346,1.1333333333333333,10,17
16931,Nick Boyle,3,1,1,1,2,3,null,1,4,1,null,null,null,null,null,null,null,null,null,0,0,4.473684210526316,1.8888888888888888,14,17
18197,Alex Erickson,0,0,0,1,0,1,0,0,null,0,1,0,3,1,1,6,3,7.874015748031496,3.3333333333333335,7,10,8.457711442786069,1.0625,12,17
19065,Jeremy McNichols,1,0,1,null,1,3,0,1,0,1,1,1,4,1,1,1,0,7.142857142857143,0.6666666666666666,2,2,6.273062730627307,1.0625,12,17
20150,Byron Pringle,0,0,0,0,1,2,0,4,0,null,4,null,null,null,0,0,6,10.344827586206897,2,4,6,7.112970711297071,1.3076923076923077,13,17
20679,KhaDarel Hodge,3,2,1,null,null,null,null,0,null,1,5,3,null,null,0,null,2,5.882352941176471,1,2,2,5.841924398625429,1.8888888888888888,11,17
20819,Alec Ingold,0,2,1,2,4,null,1,0,1,0,3,0,1,1,1,0,0,2.0833333333333335,0.3333333333333333,0,1,7.359307359307359,1.0625,12,17
16846,Tyler Kroft,0,0,5,3,0,2,4,1,1,null,null,null,null,null,null,0,null,0,null,0,0,5.369127516778524,1.6,12,16
19304,Pharaoh Brown,null,null,0,0,1,2,0,null,1,2,3,0,0,null,1,1,5,8.536585365853659,2.3333333333333335,7,7,5.904059040590406,1.2307692307692308,14,16
19200,C.J. Board,2,3,2,1,0,3,null,null,1,0,null,1,1,0,0,2,0,null,0.6666666666666666,1,2,9.467455621301776,1.1428571428571428,11,16
19979,Jordan Wilkins,0,0,1,1,0,1,null,1,2,1,1,4,2,2,0,0,null,null,null,0,0,8.743169398907105,1.0666666666666667,12,16
21786,Adam Trautman,0,1,2,0,null,null,1,0,3,0,1,1,3,1,0,2,1,2.6315789473684212,1,3,3,4.071246819338422,1.0666666666666667,15,16
16378,Keith Smith,0,2,1,1,0,1,0,1,0,null,1,1,0,2,3,2,0,11.363636363636363,1.6666666666666667,5,5,6.756756756756757,0.9375,11,15
18041,Tyler Ervin,1,1,2,2,null,null,null,3,5,1,null,null,0,null,null,null,null,null,null,0,0,10.56338028169014,1.875,11,15
16878,Blake Bell,0,3,1,2,1,1,0,0,2,null,1,0,1,1,1,1,0,2.9411764705882355,0.6666666666666666,2,2,4.189944134078212,0.9375,11,15
18422,Kalif Raymond,2,0,3,null,2,4,0,1,0,0,0,1,0,1,null,1,0,null,0.5,0,1,6.048387096774194,1,9,15
19973,Troy Fumagalli,null,null,null,null,null,null,null,null,null,3,1,1,1,5,0,1,3,8.88888888888889,1.3333333333333333,2,4,11.11111111111111,1.875,8,15
20952,Jace Sternberger,1,1,3,0,null,0,1,4,1,0,3,1,0,null,null,null,null,null,null,0,0,7.389162561576355,1.25,12,15
20868,Alexander Mattison,4,2,0,0,3,2,null,0,0,0,0,0,null,null,1,null,3,7.142857142857143,2,4,4,6.550218340611353,1.1538461538461537,13,15
21736,Bryan Edwards,1,2,3,null,null,null,null,null,0,1,2,2,1,0,0,1,2,5.454545454545454,1,3,3,5.7915057915057915,1.25,11,15
21797,La'Mical Perine,null,0,2,0,0,3,3,2,2,null,1,null,null,null,null,2,null,10.526315789473685,2,1,2,7.5,1.5,11,15
21794,Albert Okwuegbunam,null,null,null,null,null,6,7,1,1,null,null,null,null,null,null,null,null,null,null,0,0,null,null,11,15
15305,Demetrius Harris,1,1,3,2,1,3,3,0,0,0,null,0,0,0,0,null,0,null,null,0,0,6.511627906976744,0.9333333333333333,7,14
20128,Phillip Lindsay,1,null,null,null,null,0,0,3,3,1,0,0,1,2,3,null,null,13.043478260869565,3,3,3,5.185185185185185,1.2727272727272727,7,14
19996,Jaylen Samuels,1,2,0,null,0,0,0,2,0,0,null,null,4,4,1,0,0,9.090909090909092,0.3333333333333333,1,1,11.570247933884298,1,9,14
20950,Benny Snell Jr.,1,1,0,null,0,1,0,0,0,0,0,4,3,0,4,0,0,4.761904761904762,1.3333333333333333,3,4,4.98220640569395,0.875,10,14
21688,Cam Akers,1,0,null,null,0,0,0,1,null,0,1,0,1,3,3,null,4,8.333333333333334,3.5,5,7,4.713804713804714,1.0769230769230769,11,14
21843,Salvon Ahmed,null,null,null,null,null,null,null,null,0,1,6,null,null,null,3,1,3,7.777777777777778,2.3333333333333335,5,7,6.829268292682927,2.3333333333333335,11,14
14187,Alshon Jeffery,null,null,null,null,null,null,null,null,null,1,2,4,1,1,3,1,null,5.128205128205129,2,3,4,6.435643564356436,1.8571428571428572,6,13
18652,C.J. Ham,0,0,2,0,2,0,null,0,0,1,1,0,1,3,0,null,3,5.769230769230769,1.5,2,3,3.217821782178218,0.8666666666666667,8,13
19823,Royce Freeman,1,0,2,2,null,1,2,0,0,2,0,0,0,0,0,2,1,5.660377358490566,1,3,3,6.770833333333333,0.8125,12,13
20239,Gus Edwards,0,0,0,0,3,0,null,1,2,1,0,0,0,1,2,2,1,6.25,1.6666666666666667,5,5,3.7463976945244957,0.8125,9,13
20372,Cameron Batson,null,2,0,null,null,1,null,null,1,2,2,0,3,0,1,1,0,3.1746031746031744,0.6666666666666666,1,2,4.593639575971731,1.0833333333333333,12,13
20398,Equanimeous St. Brown,null,null,null,null,null,2,null,3,null,null,1,2,2,1,0,1,1,6.0606060606060606,0.6666666666666666,1,2,8.843537414965986,1.4444444444444444,7,13
21957,Quez Watkins,null,null,null,null,0,0,null,null,null,null,null,null,null,1,4,3,5,15.584415584415584,4,6,12,10.92436974789916,2.1666666666666665,7,13
21962,Malcolm Perry,null,null,null,null,null,null,null,1,1,2,5,1,null,2,0,0,1,7.6923076923076925,0.3333333333333333,1,1,8.333333333333334,1.4444444444444444,9,13
14985,Ryan Griffin,0,0,2,3,0,3,0,0,2,null,0,0,2,0,0,null,0,0,null,0,0,3.0690537084398977,0.8,9,12
17005,Geoff Swaim,null,null,null,null,0,3,1,null,null,0,1,3,1,3,null,0,0,0,null,0,0,3.3994334277620397,1.2,9,12
18993,Samaje Perine,0,0,0,0,0,0,1,1,null,1,2,1,0,2,0,4,0,6.666666666666667,1.3333333333333333,4,4,5.797101449275362,0.75,11,12
19209,Patrick Ricard,1,1,0,0,2,1,null,0,0,1,1,null,2,0,3,0,0,2.3255813953488373,1,2,3,2.985074626865672,0.8,9,12
20011,Javon Wims,2,2,1,0,0,0,2,1,null,null,null,null,1,0,1,0,2,3.061224489795918,1,0,3,4.09556313993174,0.9230769230769231,6,12
21211,Patrick Laird,2,0,0,0,0,1,null,0,1,0,2,0,3,1,2,0,0,null,0.6666666666666666,2,2,8.333333333333334,0.75,10,12
13370,Luke Stocker,1,0,1,0,1,0,1,0,1,null,1,0,0,0,3,1,1,4.310344827586207,1.6666666666666667,4,5,2.191235059760956,0.6875,7,11
11270,Dez Bryant,null,null,null,null,null,null,null,null,0,null,5,2,null,null,3,1,0,6.666666666666667,1.3333333333333333,2,4,8.527131782945736,1.8333333333333333,6,11
18262,Stephen Anderson,0,0,0,0,0,null,0,0,0,0,0,0,2,0,0,6,3,12.5,3,7,9,7.971014492753623,0.6875,8,11
16917,C.J. Uzomah,5,6,null,null,null,null,null,null,null,null,null,null,null,null,null,null,null,null,null,0,0,null,null,8,11
19176,Darrell Daniels,0,1,2,0,2,1,1,null,1,0,null,null,null,null,1,2,0,4.6875,1,2,3,3.0136986301369864,0.9166666666666666,8,11
19922,Justin Watson,2,3,null,6,null,0,0,0,null,0,0,0,null,0,null,null,0,null,null,0,0,6.918238993710692,1,7,11
20332,Deon Yelder,null,null,0,1,0,0,0,1,0,null,0,1,0,0,1,1,6,11.594202898550725,2.6666666666666665,4,8,5.670103092783505,0.7857142857142857,7,11
20964,Darwin Thompson,0,1,2,0,0,0,null,1,0,null,0,0,0,0,null,0,7,null,null,7,7,null,null,7,11
21758,K.J. Hill Jr.,0,0,4,0,2,null,null,0,0,0,0,0,1,1,3,0,0,11.538461538461538,1,3,3,7.746478873239437,0.7333333333333333,7,11
21775,Rodney Smith,null,null,null,null,null,null,null,null,null,1,0,1,null,2,4,2,1,8.333333333333334,2.3333333333333335,6,7,8.270676691729323,1.5714285714285714,9,11
22244,Ja'Marcus Bradley,null,null,null,null,null,null,null,null,null,null,null,null,0,0,null,11,null,null,null,5,11,null,null,5,11
21862,Austin Mack,null,null,null,null,null,1,0,0,5,1,null,0,0,0,0,3,1,9.30232558139535,1.3333333333333333,1,4,5.729166666666667,1,7,11
16524,Devonta Freeman,null,null,0,4,3,2,1,null,null,null,null,null,null,null,null,null,null,null,null,0,0,7.352941176470588,2,7,10
15866,Josh Hill,1,2,0,1,1,null,1,1,2,0,null,0,0,1,0,0,null,null,null,0,0,2.785515320334262,0.7142857142857143,8,10
16816,Maxx Williams,2,null,null,null,null,null,null,null,1,0,2,2,0,2,1,null,0,2,0.5,1,1,3.067484662576687,1.1111111111111112,8,10
18061,DeAndre Washington,null,null,null,null,null,null,1,null,null,0,null,5,null,4,null,null,null,null,null,0,0,null,null,5,10
18673,Jaydon Mickens,0,0,0,0,2,0,0,8,0,null,null,null,null,null,null,null,0,null,null,0,0,null,null,7,10
19319,Matt Breida,0,2,0,3,1,2,null,0,null,null,0,2,null,null,0,0,0,0,null,0,0,6.578947368421052,0.8333333333333334,9,10
18764,Troymaine Pope,null,null,null,null,0,null,0,7,null,0,2,1,null,null,null,null,null,null,null,0,0,null,null,8,10
19969,Damion Ratley,1,2,2,4,1,null,null,null,null,null,null,null,null,null,null,null,null,null,null,0,0,7.936507936507937,2,4,10
20810,Travis Homer,2,0,1,1,0,null,0,0,3,3,null,null,null,null,null,null,null,null,null,0,0,7.246376811594203,1.1111111111111112,9,10
21788,Ke'Shawn Vaughn,null,0,null,3,3,1,0,0,null,null,null,null,null,0,1,2,0,null,null,1,3,null,null,5,10
21854,Anthony McFarland Jr.,null,null,2,null,0,1,1,0,2,null,0,1,1,null,1,null,1,null,null,1,2,null,null,6,10
21738,Juwan Johnson,null,null,null,null,null,null,0,3,null,null,null,null,0,1,4,1,1,7.5,2,2,6,5.4945054945054945,1.4285714285714286,4,10
22276,DeMichael Harris,null,null,null,null,null,3,null,null,4,1,1,1,0,null,null,0,null,null,null,0,0,null,null,10,10
16815,Ameer Abdullah,0,0,0,0,0,1,null,0,1,0,0,0,1,2,0,1,3,null,null,3,4,null,null,8,9
19072,Alex Armah,0,1,0,0,0,1,1,0,0,2,1,0,null,1,1,0,1,5.882352941176471,0.6666666666666666,1,2,6.164383561643835,0.5625,5,9
19003,Tarik Cohen,2,1,6,null,null,null,null,null,null,null,null,null,null,null,null,null,null,null,null,0,0,null,null,6,9
19755,River Cracraft,null,null,null,null,null,null,null,0,5,0,null,0,0,0,2,0,2,9.75609756097561,1.3333333333333333,4,4,8.035714285714286,1,6,9
19828,Sony Michel,0,1,2,null,null,null,null,null,null,null,null,0,1,1,1,0,3,4.819277108433735,1.3333333333333333,4,4,4.972375690607735,1,7,9
20106,Ryan Nall,0,1,0,0,0,0,0,1,4,2,null,1,0,0,0,0,0,null,null,0,0,null,null,8,9
19766,Saquon Barkley,9,0,null,null,null,null,null,null,null,null,null,null,null,null,null,null,null,null,null,0,0,null,null,6,9
20563,Nick Keizer,0,0,1,0,1,1,2,2,0,null,1,0,1,0,0,0,0,0,null,0,0,2.980132450331126,0.5625,6,9
20884,Foster Moreau,0,1,2,1,0,null,0,1,0,0,0,0,0,2,1,0,1,5.555555555555555,0.6666666666666666,2,2,3.5294117647058822,0.5625,7,9
20904,Devine Ozigbo,null,null,null,null,null,null,0,null,null,null,3,0,0,4,1,1,0,null,null,2,2,null,null,9,9
21100,Jakob Johnson,0,1,1,0,null,0,1,0,2,2,0,0,1,0,1,0,0,1.694915254237288,0.3333333333333333,0,1,2.4128686327077746,0.5625,8,9
21737,Tyrie Cleveland,1,null,0,0,null,0,1,0,1,null,null,0,1,null,null,null,5,null,null,4,5,null,null,6,9
21005,Parris Campbell,9,0,null,null,null,null,null,null,null,null,null,null,null,null,null,null,null,null,null,0,0,null,null,6,9
13337,Mark Ingram II,0,3,1,1,0,0,null,null,null,2,0,null,1,0,null,null,0,0,null,0,0,5,0.7272727272727273,6,8
18039,Pharoh Cooper,0,0,0,0,1,0,0,0,0,0,0,0,null,3,1,1,2,10.81081081081081,1.3333333333333333,1,4,5.298013245033113,0.5,5,8
16903,MyCole Pruitt,1,0,2,null,null,null,0,1,0,null,null,null,2,0,2,0,0,2.5,0.6666666666666666,1,2,3.0651340996168583,0.7272727272727273,5,8
17762,Chris Manhertz,1,1,0,1,0,2,0,1,0,0,1,1,null,0,0,0,0,0,null,0,0,1.5873015873015872,0.5,6,8
20067,Steven Mitchell Jr.,null,null,null,null,null,null,null,null,null,null,null,0,0,5,0,2,1,null,null,2,3,null,null,5,8
20075,Josh Adams,2,0,null,null,null,null,null,null,null,null,null,0,0,2,0,0,4,null,null,2,4,null,null,6,8
20742,J.J. Arcega-Whiteside,0,2,0,null,1,1,1,0,null,null,null,null,null,null,null,null,3,7.317073170731708,3,2,3,5.673758865248227,1,4,8
21513,Darrius Shepherd,null,null,1,3,null,1,1,1,1,null,0,0,null,null,null,null,null,null,null,0,0,5.714285714285714,1,5,8
21734,Nick Westbrook-Ikhine,null,null,2,null,1,0,0,0,0,1,1,0,null,1,0,1,1,6.896551724137931,0.6666666666666666,1,2,5.298013245033113,0.6153846153846154,3,8
21765,JaMycal Hasty,null,null,1,0,0,1,1,1,2,2,null,null,null,null,null,null,null,null,null,0,0,null,null,7,8
17914,Laquon Treadwell,null,null,null,null,null,null,null,null,null,null,null,null,0,1,1,2,3,null,null,5,6,null,null,6,7
18375,Peyton Barber,0,0,0,1,0,1,0,null,0,1,0,0,0,3,1,0,0,4.3478260869565215,0.3333333333333333,0,1,3.6082474226804124,0.4375,4,7
18881,John Ross,5,2,null,null,null,0,null,null,null,null,null,null,null,null,null,null,null,null,null,0,0,null,null,2,7
19219,Cethan Carter,0,0,1,1,0,1,null,1,null,0,0,1,0,0,0,0,2,3.508771929824561,0.6666666666666666,1,2,3.1818181818181817,0.4666666666666667,5,7
20081,Trent Sherfield,0,0,0,0,1,0,0,null,0,0,0,null,0,0,0,0,6,null,null,4,6,null,null,5,7
20506,Tanner Hudson,null,0,0,0,4,0,1,1,0,0,null,null,null,null,0,1,null,null,null,1,1,null,null,3,7
20790,Damien Harris,null,null,null,0,null,1,1,0,0,0,2,0,1,2,null,null,null,null,null,0,0,2.7888446215139444,0.7,5,7
20974,Kahale Warring,0,null,null,null,null,null,null,null,null,null,null,1,1,0,2,3,0,null,null,3,5,null,null,3,7
22310,Gabe Nabers,0,0,0,1,0,null,1,1,1,1,0,0,0,0,1,0,1,5.714285714285714,0.6666666666666666,1,2,5.426356589147287,0.4375,5,7
21742,Antonio Gandy-Golden,null,1,2,0,0,1,null,null,null,null,null,null,null,null,null,3,null,5.084745762711864,3,0,3,5.6,1.1666666666666667,1,7
21771,Devin Asiasi,0,0,0,0,null,0,null,null,null,null,null,null,null,1,1,2,3,5.504587155963303,2,2,6,3.2863849765258215,0.7777777777777778,2,7
12777,Lee Smith,null,null,1,null,null,0,null,0,null,0,null,1,1,0,1,2,0,3.896103896103896,1,2,3,3.508771929824561,0.6,4,6
16276,Bennie Fowler,0,0,0,0,6,null,null,null,null,null,null,null,null,null,null,null,null,null,null,0,0,null,null,2,6
12109,Ted Ginn Jr.,1,null,3,2,0,0,0,null,null,null,null,null,null,null,null,null,null,null,null,0,0,null,null,3,6
15378,Levine Toilolo,1,0,0,0,0,0,0,2,1,0,null,0,0,0,1,0,1,4.651162790697675,0.6666666666666666,2,2,2.1818181818181817,0.375,5,6
16326,Seth Roberts,2,0,3,1,0,0,0,null,null,null,null,null,null,null,null,null,null,null,null,0,0,null,null,4,6
15126,Theo Riddick,null,null,null,0,null,null,null,null,null,null,null,null,1,null,0,null,5,null,null,4,5,null,null,5,6
13016,Virgil Green,2,0,1,0,1,null,2,null,null,null,null,null,null,null,null,null,null,null,null,0,0,4.25531914893617,1,3,6
16855,Ty Montgomery,0,3,null,null,null,null,null,null,null,0,0,null,null,null,null,1,2,null,null,1,3,null,null,3,6
19006,Josh Malone,0,6,0,0,null,null,null,null,null,null,null,null,null,null,null,null,null,null,null,0,0,null,null,4,6
19548,Corey Clement,2,0,0,0,0,0,1,2,null,0,null,0,0,0,0,0,1,6.666666666666667,0.3333333333333333,1,1,5.555555555555555,0.4,5,6
19800,Courtland Sutton,null,6,null,null,null,null,null,null,null,null,null,null,null,null,null,null,null,null,null,0,0,null,null,3,6
19854,Dante Pettis,1,0,0,0,null,null,null,0,null,null,null,null,null,null,null,3,2,10.204081632653061,2.5,4,5,5.217391304347826,0.8571428571428571,4,6
20722,Diontae Spencer,0,0,1,0,null,1,null,null,null,0,0,null,null,0,0,2,2,null,null,2,4,null,null,3,6
20250,Robert Foster,null,null,null,null,null,null,null,null,null,null,0,null,null,2,2,2,null,null,null,2,4,null,null,2,6
20775,Terry Godwin,null,null,null,null,null,null,null,null,null,2,null,null,null,null,null,null,4,null,null,3,4,null,null,3,6
21349,Ashton Dulin,0,1,1,0,1,0,null,1,null,null,null,0,1,0,0,0,1,3.5714285714285716,0.3333333333333333,0,1,5.660377358490566,0.46153846153846156,3,6
21169,Malik Taylor,0,0,0,1,null,1,2,1,0,0,0,0,1,null,0,0,0,null,null,0,0,3.6144578313253013,0.4,5,6
21728,Lawrence Cager,null,null,4,2,null,null,null,null,null,null,null,null,null,null,null,null,null,null,null,0,0,null,null,2,6
11565,Andre Roberts,0,0,0,1,2,0,0,0,0,0,null,0,0,0,0,2,null,null,null,2,2,null,null,4,5
15215,Tavon Austin,null,null,null,null,null,null,null,null,null,null,null,null,null,2,0,2,1,null,null,3,3,null,null,5,5
17965,C.J. Prosise,null,0,0,0,0,0,0,null,null,1,2,1,null,1,null,null,null,null,null,0,0,null,null,5,5
16834,Tevin Coleman,2,2,null,null,null,null,null,0,null,null,null,null,0,0,0,1,0,null,null,1,1,null,null,4,5
18093,Andy Janovich,0,1,1,0,0,0,0,1,null,0,null,null,0,1,0,1,0,3.8461538461538463,0.3333333333333333,0,1,2.9239766081871346,0.35714285714285715,2,5
20802,Justice Hill,null,null,null,0,null,0,null,0,0,1,0,2,1,0,1,0,0,null,null,1,1,null,null,5,5
20662,Jaeden Graham,0,0,0,0,1,0,0,0,0,null,0,2,1,1,0,0,0,0,null,0,0,4.385964912280702,0.3125,3,5
20816,Lil'Jordan Humphrey,null,null,null,null,null,null,null,null,null,null,null,null,null,null,4,0,1,null,null,3,5,null,null,3,5
21310,Khari Blasingame,1,0,0,null,null,1,0,1,0,1,0,1,0,0,0,0,0,0,null,0,0,3.0303030303030303,0.3333333333333333,4,5
21601,Gunner Olszewski,null,null,null,1,null,0,0,0,1,0,0,0,1,0,0,0,2,14.285714285714286,0.6666666666666666,2,2,4.62962962962963,0.38461538461538464,5,5
20990,Trayveon Williams,null,null,null,null,null,null,0,0,null,0,0,1,0,3,0,0,1,null,null,1,1,null,null,5,5
21808,Dalton Keene,null,null,null,null,null,null,1,null,null,null,null,null,0,0,2,0,2,6.451612903225806,1.3333333333333333,2,4,3.5714285714285716,0.8333333333333334,3,5
14269,Alfred Morris,null,null,null,null,null,null,null,0,1,0,null,0,1,0,0,1,1,5.882352941176471,0.6666666666666666,1,2,3.6036036036036037,0.4444444444444444,3,4
16797,T.J. Yeldon,null,null,0,1,3,null,null,null,null,null,null,null,null,null,null,null,null,null,null,0,0,null,null,1,4
16928,Michael Burton,0,0,0,1,0,null,0,0,1,0,0,0,0,0,1,1,null,7.6923076923076925,1,2,2,1.9230769230769231,0.26666666666666666,4,4
18073,Jonathan Williams,null,null,null,null,null,null,null,null,0,0,0,4,0,null,null,null,null,null,null,0,0,null,null,4,4
19165,Johnny Mundt,0,0,0,1,0,0,3,0,null,0,0,0,0,0,0,0,0,0,null,0,0,3.3057851239669422,0.25,4,4
18997,Jake Butt,2,0,1,1,null,0,null,null,null,null,null,null,null,null,null,null,null,null,null,0,0,3.508771929824561,0.8,2,4
19276,Austin Carr,null,null,null,null,0,null,1,1,null,null,null,0,null,null,null,1,1,null,null,1,2,null,null,3,4
19035,Eric Saubert,null,null,null,null,null,null,0,null,null,null,1,0,1,1,0,0,1,null,null,1,1,null,null,3,4
19779,Brandon Zylstra,0,0,0,0,0,0,1,0,1,0,0,0,null,2,0,0,0,0,null,0,0,3.2,0.25,3,4
19917,Antonio Callaway,null,null,null,null,null,null,null,null,null,null,1,1,0,2,0,null,null,null,null,0,0,null,null,2,4
20925,Riley Ridley,null,null,null,null,null,null,null,null,2,0,null,2,null,0,0,null,null,null,null,0,0,null,null,4,4
20373,Deontay Burnett,null,null,4,0,null,null,null,null,null,null,null,null,null,null,null,null,null,null,null,0,0,null,null,3,4
21593,D'Ernest Johnson,0,0,0,0,1,1,0,1,null,0,0,0,1,0,0,0,0,null,null,0,0,null,null,3,4
22119,Charlie Woerner,0,0,0,0,0,0,0,0,0,0,null,0,2,1,null,null,1,9.090909090909092,1,1,1,3.361344537815126,0.2857142857142857,3,4
21845,Darrynton Evans,null,null,0,null,0,null,null,null,null,null,null,null,null,null,2,2,0,null,null,2,4,null,null,2,4
22284,Ben Ellefson,0,0,null,null,null,null,0,null,0,0,3,1,null,null,null,null,null,null,null,0,0,3.007518796992481,0.5714285714285714,1,4
15263,Luke Willson,0,0,null,0,0,null,null,0,null,null,0,2,1,null,null,null,null,null,null,0,0,null,null,1,3
18058,Taja Sharpe,1,0,null,null,null,null,null,null,null,null,null,1,null,1,null,null,null,null,null,0,0,null,null,0,3
18617,Elijhaa Penny,0,0,0,0,0,0,0,1,1,0,null,0,0,0,1,null,null,null,null,1,1,null,null,2,3
19067,Jeremy Sprinkle,0,0,0,0,1,0,1,null,0,0,0,0,0,1,0,0,0,0,null,0,0,1.36986301369863,0.1875,1,3
18401,Tommylee Lewis,null,null,null,null,null,null,null,1,null,null,null,null,1,0,1,null,0,null,null,0,1,null,null,1,3
18998,Marlon Mack,3,null,null,null,null,null,null,null,null,null,null,null,null,null,null,null,null,null,null,0,0,null,null,3,3
18896,Cyril Grayson,null,1,null,null,0,2,null,null,null,null,null,null,null,null,null,null,null,null,null,0,0,null,null,0,3
20040,Trenton Cannon,0,0,null,null,0,2,0,0,0,0,0,1,null,0,0,0,0,null,null,0,0,null,null,3,3
19981,Daurice Fountain,null,0,2,1,0,null,null,null,0,null,null,null,null,null,null,null,null,null,null,0,0,null,null,2,3
20295,Vyncint Smith,null,null,null,null,null,0,0,1,null,null,0,0,null,null,null,0,2,null,null,0,2,null,null,1,3
21723,James Proche II,0,0,0,0,0,0,null,1,0,0,1,1,0,0,0,null,null,null,null,0,0,null,null,1,3
21683,Hunter Bryant,null,null,null,null,null,null,null,null,null,null,null,null,0,0,2,0,1,null,null,1,3,null,null,1,3
13063,Taiwan Jones,0,0,0,0,1,0,0,0,null,null,null,0,0,0,0,1,null,null,null,0,1,null,null,0,2
13418,Anthony Sherman,0,0,1,0,0,null,null,null,0,null,0,0,0,1,0,0,0,null,null,0,0,null,null,1,2
13446,Bruce Miller,1,1,0,0,0,0,0,null,null,null,null,null,null,null,null,0,null,null,null,0,0,null,null,1,2
13791,Lamar Miller,null,null,null,null,null,null,null,null,null,2,null,null,null,null,null,null,null,null,null,0,0,null,null,2,2
16232,Donte Moncrief,null,null,null,null,null,null,null,null,null,null,2,0,0,0,null,0,0,null,null,0,0,null,null,1,2
17219,Daniel Brown,0,0,0,0,0,0,0,0,0,null,0,0,0,0,0,1,1,null,null,2,2,null,null,2,2
18094,Temarrick Hemingway,null,null,null,null,1,0,1,null,0,0,0,0,0,null,null,null,null,null,null,0,0,null,null,1,2
17218,DeAndre Carter,2,0,0,0,0,0,0,null,0,0,null,0,0,null,null,0,0,null,null,0,0,null,null,1,2
18088,Alex Collins,null,null,null,null,null,null,null,null,0,2,null,null,null,null,null,null,0,null,null,0,0,null,null,1,2
20103,Reggie Bonnafon,null,null,0,2,null,null,null,null,null,null,null,null,null,null,null,null,null,null,null,0,0,null,null,2,2
20159,Mike Boone,0,0,0,0,0,1,null,0,0,0,0,0,0,1,0,0,0,null,null,0,0,null,null,2,2
19542,Colin Thompson,null,0,0,0,0,0,0,1,0,1,0,0,null,0,0,0,0,0,null,0,0,1.0810810810810811,0.13333333333333333,1,2
20020,Jordan Thomas,null,0,0,1,null,0,null,null,null,null,1,0,null,null,null,null,null,null,null,0,0,null,null,1,2
19358,Gehrig Dieter,null,null,null,null,null,null,null,null,0,null,0,null,null,null,null,0,2,null,null,1,2,null,null,1,2
20071,Keith Kirkwood,null,null,null,null,null,2,null,null,null,null,null,null,null,null,null,null,null,null,null,0,0,null,null,1,2
20318,Buddy Howell,0,0,0,0,null,null,0,null,0,0,0,0,0,2,0,0,0,null,null,0,0,null,null,1,2
20194,Rico Gafford,null,null,0,null,1,null,1,null,null,null,null,null,null,null,null,null,null,null,null,0,0,null,null,0,2
20977,Trevon Wesco,0,0,0,0,1,0,1,0,null,null,null,null,null,0,0,0,0,0,null,0,0,1.36986301369863,0.16666666666666666,1,2
20893,Isaac Nauta,null,null,null,null,null,0,1,0,0,1,0,0,null,null,null,null,null,null,null,0,0,null,null,1,2
21132,Chandler Cox,0,0,0,1,1,0,null,null,0,null,null,null,0,null,null,null,null,null,null,0,0,1.9047619047619047,0.25,2,2
21278,Stephen Carlson,1,0,0,0,0,0,0,0,null,0,0,1,0,0,0,0,0,null,null,0,0,null,null,1,2
21802,A.J. Dillon,0,0,0,0,null,0,0,1,null,null,null,null,null,0,0,1,0,2.0833333333333335,0.3333333333333333,1,1,1.8691588785046729,0.18181818181818182,2,2
21837,J.J. Taylor,1,0,1,null,null,null,null,null,null,null,null,null,null,null,0,0,0,null,null,0,0,null,null,1,2
21807,Colby Parkinson,null,null,null,null,null,null,null,0,null,null,null,0,0,2,0,null,0,null,null,0,0,null,null,2,2
22138,Tyler Davis,null,null,0,0,0,2,null,null,0,0,null,null,null,null,0,null,0,null,null,0,0,null,null,0,2
22206,Reggie Gilliam,0,1,0,0,0,0,1,0,0,0,null,0,0,0,0,null,null,null,null,0,0,null,null,2,2
21749,Isaiah Zuber,null,null,0,0,null,1,null,1,null,null,null,null,null,null,null,null,null,null,null,0,0,null,null,2,2
21764,Jason Huntley,0,null,null,null,null,0,1,0,null,null,null,null,null,null,null,null,1,null,null,1,1,null,null,1,2
21263,Trenton Irwin,null,null,null,null,null,null,null,null,null,null,null,null,null,null,null,2,null,null,null,1,2,null,null,1,2
21798,Josiah Deguara,2,null,null,0,null,null,null,null,null,null,null,null,null,null,null,null,null,null,null,0,0,null,null,1,2
22477,Dominique Dafney,null,null,null,null,null,null,null,null,null,null,null,null,0,0,0,1,1,null,null,2,2,null,null,2,2
15640,Derek Carrier,0,0,0,0,0,null,0,0,0,0,1,0,0,0,0,0,0,null,null,0,0,null,null,1,1
12787,Nick Bellore,0,0,0,0,0,null,0,1,0,0,0,0,0,0,0,0,0,null,null,0,0,null,null,1,1
15185,Kenjon Barner,null,null,0,1,null,null,null,null,null,null,0,null,null,0,0,0,null,null,null,0,0,null,null,0,1
17223,Eric Tomlinson,0,null,null,null,null,null,null,null,null,null,null,0,0,0,1,0,0,1.1904761904761905,0.3333333333333333,0,1,0.7936507936507936,0.14285714285714285,0,1
18253,D.J. Foster,0,0,null,null,null,null,null,null,1,0,0,0,0,null,0,0,0,null,null,0,0,null,null,1,1
18067,Jordan Howard,0,0,0,1,null,null,null,null,0,null,null,null,0,null,null,0,null,null,null,0,0,null,null,1,1
18057,Seth DeValve,null,null,null,null,null,null,null,null,null,null,null,null,0,0,null,1,0,null,null,0,1,null,null,0,1
17289,Jake Kumerow,null,null,null,null,null,null,null,null,0,0,null,0,0,0,1,null,null,null,null,1,1,null,null,1,1
18971,Taywan Taylor,null,null,null,null,null,0,null,0,null,null,null,1,null,null,null,null,null,null,null,0,0,null,null,0,1
19075,Mason Schreck,null,null,0,0,0,0,0,0,null,0,0,0,1,0,0,0,0,null,null,0,0,null,null,0,1
19280,Cody Hollister,0,null,null,null,1,null,null,null,null,null,null,null,null,null,null,null,null,null,null,0,0,null,null,1,1
18498,J.P. Holtz,0,0,0,0,0,0,0,0,0,0,null,0,0,0,1,0,0,null,null,0,1,null,null,0,1
19335,Antony Auclair,0,null,null,null,null,null,null,0,0,0,0,0,null,1,null,null,0,null,null,0,0,null,null,0,1
18957,D'Onta Foreman,null,null,null,null,null,null,null,0,0,1,0,0,0,null,null,null,null,null,null,0,0,null,null,1,1
18992,Dede Westbrook,null,null,1,null,null,null,0,null,null,null,null,null,null,null,null,null,null,null,null,0,0,null,null,1,1
19361,Marcus Kemp,0,0,0,0,null,null,1,0,null,null,null,0,0,0,null,null,0,null,null,0,0,null,null,1,1
19415,Jason Croom,null,null,null,null,0,1,0,0,null,null,null,null,null,null,null,null,null,null,null,0,0,null,null,1,1
19410,Ricky Seals-Jones,null,null,null,null,null,1,null,null,null,null,null,null,null,null,null,0,null,null,null,0,0,null,null,0,1
20174,Marcus Baugh,0,1,0,0,null,null,null,null,null,null,null,null,null,0,0,0,0,null,null,0,0,null,null,1,1
19457,Blake Jarwin,1,null,null,null,null,null,null,null,null,null,null,null,null,null,null,null,null,null,null,0,0,null,null,1,1
20134,Kevin Rader,null,null,null,null,null,null,null,null,null,null,null,null,null,null,null,null,1,null,null,0,1,null,null,0,1
19925,Jaleel Scott,null,null,null,null,null,null,null,null,null,null,null,null,null,1,null,null,null,null,null,0,0,null,null,1,1
20793,Penny Hart,0,null,0,0,0,null,null,0,0,0,0,0,0,1,null,0,0,null,null,0,0,null,null,1,1
20328,Jeff Badet,null,null,null,null,null,null,0,null,0,1,null,null,null,null,null,null,null,null,null,0,0,null,null,0,1
20566,Dontrell Hilliard,null,null,null,1,0,0,0,0,null,null,null,null,null,null,null,0,0,null,null,0,0,null,null,1,1
21718,Joe Reed,0,0,0,null,null,null,0,0,1,0,0,0,null,null,null,0,0,null,null,0,0,null,null,0,1
21056,Hakeem Butler,null,null,null,null,null,0,1,null,null,null,null,null,null,null,null,null,null,null,null,0,0,null,null,0,1
21126,Cullen Gillaspia,null,0,1,null,0,0,0,null,0,0,null,null,null,null,null,null,null,null,null,0,0,null,null,1,1
21782,Jonathan Ward,null,null,0,0,0,0,0,null,0,0,0,0,0,0,0,0,1,null,null,1,1,null,null,1,1
22205,Antonio Williams,null,null,null,null,null,null,null,null,null,null,null,null,null,null,null,null,1,null,null,1,1,null,null,1,1
21514,Austin Walter,null,null,null,null,null,null,null,null,0,1,null,0,null,null,null,null,0,null,null,0,0,null,null,1,1
21564,Craig Reynolds,null,null,null,null,null,null,null,null,null,null,null,0,null,null,null,1,null,null,null,1,1,null,null,1,1
21846,Levante Bellamy,null,0,0,0,null,null,null,null,null,null,null,null,null,null,null,1,0,null,null,1,1,null,null,1,1
21161,Brandon Dillon,null,null,null,null,null,null,null,null,null,0,null,1,0,null,null,null,null,null,null,0,0,null,null,1,1
21856,Scottie Phillips,0,null,null,null,null,null,null,null,null,null,0,0,0,0,1,0,0,null,null,1,1,null,null,1,1
21796,Noah Togiai,null,0,1,null,null,0,null,null,null,0,null,null,null,null,null,null,null,null,null,0,0,null,null,0,1
21842,Adrian Killins,null,null,null,1,null,null,null,null,null,null,null,null,null,null,null,null,null,null,null,0,0,null,null,1,1
16441,Senorise Perry,0,0,null,null,null,null,null,null,null,null,0,0,0,0,0,null,null,null,null,0,0,null,null,0,0
7651,Matthew Slater,0,0,0,0,null,0,0,0,0,0,0,0,0,0,0,0,0,null,null,0,0,null,null,0,0
13117,Dwayne Harris,null,null,null,null,null,null,null,0,0,0,null,null,null,null,null,null,null,null,null,0,0,null,null,0,0
15974,Jordan Matthews,null,null,null,null,null,null,null,null,null,null,null,null,null,null,null,0,0,null,null,0,0,null,null,0,0
11422,Joe Webb,null,null,null,null,null,null,null,null,null,null,null,null,null,null,0,0,null,null,null,0,0,null,null,0,0
18030,Chris Moore,null,null,null,null,null,null,null,0,null,null,null,null,null,null,null,0,0,null,null,0,0,null,null,0,0
18115,Derek Watt,0,0,0,null,null,0,null,null,null,0,0,0,0,0,0,0,0,null,null,0,0,null,null,0,0
18152,Dwayne Washington,null,null,0,0,0,null,0,0,0,null,null,0,0,0,0,0,null,null,null,0,0,null,null,0,0
18070,Wendell Smallwood,null,null,null,null,null,null,null,null,null,null,null,0,null,null,null,null,null,null,null,0,0,null,null,0,0
16768,Kevin White,null,null,null,null,0,0,null,null,0,null,null,null,null,null,null,null,null,null,null,0,0,null,null,0,0
17750,Ross Travis,null,null,null,null,null,null,null,null,0,null,null,null,null,null,null,null,null,null,null,0,0,null,null,0,0
18241,Johnny Holton,null,null,0,null,null,null,null,null,null,null,null,null,null,null,null,null,null,null,null,0,0,null,null,0,0
18343,Marken Michel,null,null,null,null,null,null,null,0,null,null,null,null,null,0,null,null,null,null,null,0,0,null,null,0,0
18716,Garrett Griffin,null,null,null,0,0,null,null,null,null,null,0,null,null,null,null,null,0,null,null,0,0,null,null,0,0
19184,JoJo Natson,0,0,0,null,null,null,null,null,null,null,null,null,null,null,null,null,null,null,null,0,0,null,null,0,0
18666,Duke Williams,null,null,null,null,null,null,0,null,null,null,null,null,null,null,null,null,null,null,null,0,0,null,null,0,0
19799,Rashaad Penny,null,null,null,null,null,null,null,null,null,null,null,null,null,null,0,0,0,null,null,0,0,null,null,0,0
19980,Deon Cain,null,null,null,null,null,0,null,null,null,null,null,null,null,null,null,null,0,null,null,0,0,null,null,0,0
19671,Fred Brown,null,null,null,null,null,null,null,0,null,null,null,null,null,null,null,null,null,null,null,0,0,null,null,0,0
19494,Evan Baylis,null,null,null,null,0,0,0,null,null,null,0,0,null,null,null,null,null,null,null,0,0,null,null,0,0
20079,Trey Quinn,null,null,null,null,null,null,null,null,null,null,null,0,null,null,null,null,null,null,null,0,0,null,null,0,0
20012,Bo Scarbrough,null,null,null,null,null,null,null,null,null,null,0,null,null,null,null,null,null,null,null,0,0,null,null,0,0
19559,Sean Culkin,null,null,null,null,null,null,null,null,null,null,null,0,null,null,null,null,null,null,null,0,0,null,null,0,0
19599,Trey Edmunds,null,null,null,null,0,null,0,0,null,0,null,null,null,null,null,null,null,null,null,0,0,null,null,0,0
20797,Daniel Helm,null,null,null,null,null,0,null,null,0,0,null,null,null,null,0,0,null,null,null,0,0,null,null,0,0
20809,Elijah Holyfield,null,null,null,null,null,null,null,null,null,null,0,null,null,null,null,null,null,null,null,0,0,null,null,0,0
20770,Zach Gentry,null,null,null,null,null,null,null,null,null,0,0,null,null,null,null,null,null,null,null,0,0,null,null,0,0
20684,Malik Turner,0,0,0,0,null,null,null,null,null,null,null,null,null,null,null,0,0,null,null,0,0,null,null,0,0
20886,Stanley Morgan,null,null,null,null,null,null,null,null,null,0,null,null,0,0,0,0,0,null,null,0,0,null,null,0,0
20581,Johnny Stanton,null,null,null,null,null,null,null,null,null,null,0,null,null,null,null,null,null,null,null,0,0,null,null,0,0
20900,Qadree Ollison,null,null,0,null,null,null,null,0,0,null,null,null,null,null,null,null,null,null,null,0,0,null,null,0,0
21177,Jeremy Cox,null,null,null,null,null,0,0,0,0,0,0,0,null,null,null,null,null,null,null,0,0,null,null,0,0
21678,Brycen Hopkins,null,null,null,null,null,null,0,null,null,null,null,0,null,0,0,null,0,null,null,0,0,null,null,0,0
21156,John Lovett,0,0,0,0,null,0,0,0,0,null,null,null,null,null,null,null,null,null,null,0,0,null,null,0,0
21227,Andrew Beck,0,0,0,0,null,0,null,null,null,null,null,null,0,0,0,0,0,null,null,0,0,null,null,0,0
21295,Nsimba Webster,0,0,0,0,0,0,0,0,null,0,0,0,0,0,0,0,0,null,null,0,0,null,null,0,0
21531,Chris Myarick,null,null,null,null,null,null,null,null,null,0,null,null,null,0,0,null,null,null,null,0,0,null,null,0,0
21826,Darius Bradwell,null,0,0,null,null,null,null,null,null,null,null,null,null,null,null,null,null,null,null,0,0,null,null,0,0
21839,Xavier Jones,0,0,0,0,0,0,null,0,null,0,0,0,0,null,null,0,0,null,null,0,0,null,null,0,0
20993,Caleb Wilson,null,null,null,null,null,null,null,null,null,0,0,0,null,null,null,0,0,null,null,0,0,null,null,0,0
21344,Hale Hentges,null,null,null,null,null,null,null,null,null,null,null,null,null,null,null,null,0,null,null,0,0,null,null,0,0
21714,K.J. Osborn,0,0,null,0,null,null,null,0,0,0,0,null,0,null,null,0,null,null,null,0,0,null,null,0,0
21549,Tony Brooks-James,null,null,null,null,null,null,null,null,null,null,null,0,null,null,null,null,null,null,null,0,0,null,null,0,0
21072,Keelan Doss,null,null,null,0,null,null,null,null,null,null,null,null,null,null,null,null,null,null,null,0,0,null,null,0,0
21409,Nate Becker,null,null,null,null,null,null,null,null,null,null,null,null,null,null,null,null,0,null,null,0,0,null,null,0,0
21793,Mike Warren II,null,null,null,null,null,null,null,null,null,null,null,null,null,null,0,null,null,null,null,0,0,null,null,0,0
21971,Sewo Olonilua,null,null,null,null,null,null,null,null,null,null,null,null,null,null,0,0,null,null,null,0,0,null,null,0,0
21115,Juwann Winfree,null,null,null,null,null,null,null,null,null,0,null,null,null,0,null,null,null,null,null,0,0,null,null,0,0
21848,Artavis Pierce,null,null,null,null,null,0,null,null,0,0,null,null,null,null,null,0,0,null,null,0,0,null,null,0,0
21865,Stephen Sullivan,null,null,null,null,null,null,null,0,null,null,null,null,null,null,null,null,null,null,null,0,0,null,null,0,0
22345,Dan Chisena,0,0,0,0,0,0,null,null,0,0,null,0,0,0,0,0,0,null,null,0,0,null,null,0,0
21158,Matt Sokol,null,null,null,null,null,null,null,null,null,null,null,null,null,null,null,0,0,null,null,0,0,null,null,0,0
20984,Dexter Williams,null,null,null,null,null,null,0,null,0,null,null,null,null,null,null,0,null,null,null,0,0,null,null,0,0
21781,Sean McKeon,null,0,0,null,0,0,0,0,0,null,0,0,0,0,0,0,0,null,null,0,0,null,null,0,0
21952,Rico Dowdle,0,null,0,0,0,0,0,0,0,null,0,0,0,0,0,0,0,null,null,0,0,null,null,0,0
22090,Tony Brown,null,null,null,null,null,null,0,null,null,null,null,null,null,null,null,null,null,null,null,0,0,null,null,0,0
21294,Alex Bachman,null,null,null,null,null,null,0,null,null,null,null,null,null,null,null,null,null,null,null,0,0,null,null,0,0
20477,Derrick Willies,null,null,null,null,null,null,null,null,null,null,null,null,null,null,null,0,null,null,null,0,0,null,null,0,0
22177,Chris Rowland,null,null,null,null,null,null,null,null,null,null,null,null,null,null,null,0,0,null,null,0,0,null,null,0,0
21774,Tony Jones Jr.,null,null,null,null,null,null,null,null,null,null,null,null,null,null,null,null,0,null,null,0,0,null,null,0,0
21787,Javon Leake,null,null,null,null,null,null,null,null,null,null,null,null,null,0,null,null,null,null,null,0,0,null,null,0,0
21708,Reggie Begelton,null,null,null,0,null,null,null,null,null,null,null,null,null,null,null,null,null,null,null,0,0,null,null,0,0
22151,Tommy Stevens,null,null,null,null,null,null,null,null,null,null,null,null,null,null,null,null,0,null,null,0,0,null,null,0,0
21967,Isaiah Coulter,null,null,null,null,null,null,null,null,null,null,null,null,null,0,null,null,null,null,null,0,0,null,null,0,0
21855,Raymond Calais,null,null,0,0,null,null,0,null,null,null,null,null,null,null,null,null,0,null,null,0,0,null,null,0,0
21959,Dezmon Patmon,null,null,null,null,null,null,null,null,null,null,null,null,null,null,null,null,0,null,null,0,0,null,null,0,0
22339,Kirk Merritt,null,null,null,null,null,null,null,null,0,null,null,null,null,null,null,null,null,null,null,0,0,null,null,0,0
21178,Jason Moore,null,null,null,0,null,null,null,0,null,null,null,null,null,null,null,null,null,null,null,0,0,null,null,0,0
22417,Kristian Wilkerson,null,null,null,null,null,null,null,null,0,null,null,null,null,null,null,null,null,null,null,0,0,null,null,0,0
22441,Nathan Cottrell,0,null,null,null,null,null,null,null,null,null,0,0,0,0,0,0,0,null,null,0,0,null,null,0,0
22436,Rashod Berry,null,null,null,null,null,0,null,null,null,null,null,null,0,null,null,null,0,null,null,0,0,null,null,0,0
22458,Farrod Green,null,0,null,null,null,null,null,null,null,null,null,null,null,null,null,null,null,null,null,0,0,null,null,0,0
22346,Jake Bargas,null,null,null,null,null,null,null,null,null,null,null,null,null,null,null,0,null,null,null,0,0,null,null,0,0
22340,Matt Cole,null,null,null,null,null,null,null,null,null,null,null,null,null,null,null,null,0,null,null,0,0,null,null,0,0
