Rank,PlayerID,Name,Team,Position,Played,SnapsPlayed,SnapsPerGame,SnapsPlayedPercentage,RushSnapPercentage,RushShare,TargetSnapPercentage,TargetShare,TouchSnapPercentage,IntendedTouchSnapPercentage,FantasyPointsPPR,FantasyPointSnapPercentagePPR
1,20790,Damien Harris,NE,RB,15,406,27.1,36.7,49.8,41.31,5.2,4.00763358778626,54.2,54.9,210.1,51.7
2,19799,Rashaad Penny,SEA,RB,10,253,25.3,31.4,47,28.81,3.2,1.6877637130801688,49.4,50.2,121.7,48.1
3,21682,Jonathan Taylor,IND,RB,17,768,45.2,68.9,43.2,66.53,6.6,10.179640718562874,48.4,49.9,373.1,48.6
4,17959,Derrick Henry,TEN,RB,8,411,51.4,71.1,53.3,39.75,4.9,3.838771593090211,57.9,58.4,193.3,47
5,19798,Nick Chubb,CLE,RB,14,482,34.4,43.5,47.3,47.01,5.2,5.01002004008016,51.5,52.5,215.3,44.7
6,18067,Jordan Howard,PHI,RB,7,153,21.9,22.8,56.2,15.64,3.3,1.0729613733905579,57.5,59.5,62.5,40.8
7,15150,Cordarrelle Patterson,ATL,RB,16,473,29.6,45,32.3,38.93,14.6,12.432432432432432,43.6,47.1,234.6,49.6
8,22546,Rhamondre Stevenson,NE,RB,12,265,22.1,24,50.2,27.2,6.8,3.435114503816794,55.5,57,114.9,43.4
9,18944,Kareem Hunt,CLE,RB,8,234,29.2,29.4,33.3,16.08,11.5,5.410821643286573,42.7,44.9,110,47
10,19562,Austin Ekeler,LAC,RB,16,731,45.7,61.1,28.2,48.7,12.9,14.285714285714286,37.8,41,343.8,47
11,16838,Duke Johnson,MIA,RB,5,149,29.8,44.1,47.7,16.06,3.4,0.8361204013377926,50.3,51,59.1,39.7
12,18983,James Conner,ARI,RB,15,598,39.9,51,33.8,40.73,6.5,6.830122591943958,40,40.3,257.7,43.1
12,18957,D'Onta Foreman,TEN,RB,9,230,25.6,38,57.8,24.14,4.8,2.111324376199616,61.7,62.6,93.9,40.8
14,22493,Trey Lance,SF,QB,6,178,29.7,16.3,21.3,7.62,0,0,61.2,61.2,64.92,36.5
15,6489,Josh Johnson,BAL,QB,4,128,32,25.7,7,1.74,0,0,73.4,73.4,46.32,36.2
16,611,Joe Flacco,NYJ,QB,2,66,33,5.6,3,0.53,0,0,66.7,66.7,23.82,36.1
17,18858,Joe Mixon,CIN,RB,16,698,43.6,63.5,41.8,66.97,6.9,8.88888888888889,47.9,48.7,287.9,41.2
18,19801,Josh Allen,BUF,QB,17,1161,68.3,96.9,10.5,26.46,0,0,66.1,66.1,402.58,34.7
19,13320,Cam Newton,CAR,QB,8,252,31.5,48.1,18.7,10.33,0,0,68.7,68.7,86.36,34.3
20,19119,Chris Carson,SEA,RB,4,124,31,44,43.5,13.08,4.8,1.2658227848101267,48.4,48.4,48.1,38.8
21,2593,Aaron Rodgers,GB,QB,16,983,61.4,88.1,3.4,7.4,0.1,0.1757469244288225,57.5,57.5,333.3,33.9
22,18877,Christian McCaffrey,CAR,RB,7,272,38.9,40.6,36.4,21.76,15.1,7.130434782608695,50,51.5,127.5,46.9
23,22535,Elijah Mitchell,SF,RB,11,441,40.1,40.4,46.9,41.48,4.5,4.032258064516129,51.2,51.5,165,37.4
24,4314,Tom Brady,TB,QB,17,1139,67,96.3,2.5,7.27,0,0,65.6,65.6,374.74,32.9
25,21831,Jalen Hurts,PHI,QB,15,954,63.6,85.2,14.6,25.27,0.1,0.2145922746781116,59.9,60,312.16,32.7
26,16776,Melvin Gordon III,DEN,RB,16,514,32.1,47.5,39.5,44.62,7.4,7.364341085271318,44.9,46.9,195.1,38
27,21681,Justin Herbert,LAC,QB,17,1191,70.1,99.6,5.3,14.89,0,0,61.7,61.7,380.76,32
27,20889,Kyler Murray,ARI,QB,14,939,67.1,80.1,9.4,17.74,0,0,60.6,60.6,300.48,32
29,21802,AJ Dillon,GB,RB,17,476,28,42.7,39.3,41.93,7.8,6.502636203866432,46.4,47.1,185.6,39
30,20932,Deebo Samuel,SF,WR,16,829,51.8,76,7.1,11.82,14.6,24.39516129032258,16.6,22,338.96,40.9
30,16762,Jameis Winston,NO,QB,7,371,53,83.9,8.6,6.27,0,0,52,52,117.4,31.6
32,20912,Tony Pollard,DAL,RB,15,374,24.9,30.5,34.8,27.48,12.3,7.232704402515723,45.2,47.1,156.6,41.9
33,21693,Joe Burrow,CIN,QB,16,1008,63,91.6,4,9.17,0,0,55.6,55.6,314.24,31.2
34,18890,Patrick Mahomes,KC,QB,17,1164,68.5,97.4,5.7,15.31,0,0,62.2,62.2,361.66,31.1
35,9038,Matthew Stafford,LAR,QB,17,1065,62.6,97.8,3,7.62,0,0,59.4,59.4,329.74,31
35,21861,Antonio Gibson,WAS,RB,16,604,37.8,53.6,42.7,54.09,8.6,9.737827715355806,49.7,51.3,229.1,37.9
37,14536,Russell Wilson,SEA,QB,14,788,56.3,96.9,5.5,10.41,0,0,56.2,56.2,242.82,30.8
38,19045,Aaron Jones,GB,RB,15,578,38.5,51.8,29.6,38.34,11.2,11.423550087873462,38.6,40.8,229,39.6
39,16056,James White,NE,RB,3,63,21,30.7,15.9,2.04,22.2,2.6717557251908395,34.9,38.1,31.2,49.5
40,18803,Leonard Fournette,TB,RB,14,623,44.5,63.4,28.9,46.75,13.5,11.715481171548117,40.1,42.5,255.6,41
41,18878,Alvin Kamara,NO,RB,13,627,48.2,57.5,38.3,47.06,10.7,14.316239316239317,45.8,49,234.7,37.4
42,19781,Lamar Jackson,BAL,QB,12,810,67.5,65.2,16.4,25.73,0,0,63.6,63.6,239.98,29.6
42,18995,Jamaal Williams,DET,RB,13,317,24.4,28.8,48.3,35.83,8.8,4.991087344028521,56.5,57.1,119.8,37.8
44,11056,Antonio Brown,TB,WR,7,268,38.3,29.9,0.4,0.26,23.1,8.647140864714087,16,23.5,121.1,45.2
45,22558,Javonte Williams,DEN,RB,17,551,32.4,51,36.8,44.62,9.6,10.271317829457365,44.6,46.5,204.9,37.2
46,21535,Isaiah Mack,BAL,NT,1,25,25,16.4,0,0,0,0,0,0,7.3,29.2
47,18055,Dak Prescott,DAL,QB,16,1114,69.6,90.7,4.3,10.15,0,0,57.8,57.8,320.56,28.8
47,18882,Cooper Kupp,LAR,WR,17,1024,60.2,94,0.4,0.95,18.7,31.727574750830566,14.6,19.1,439.5,42.9
47,21769,Clyde Edwards-Helaire,KC,RB,10,342,34.2,41.8,34.8,27.61,6.7,3.6163522012578615,40.4,41.5,117.6,34.4
50,18872,Dalvin Cook,MIN,RB,13,608,46.8,53.3,41,55.46,8.1,8.492201039861351,46.5,49,206.3,33.9
51,14252,Kirk Cousins,MIN,QB,16,1087,67.9,95.3,2.7,6.46,0,0,54.3,54.3,300.34,27.6
52,20824,Josh Jacobs,LV,RB,15,625,41.7,54.8,34.7,52.42,10.2,10.613598673300165,43.4,45,226,36.2
53,19238,Taysom Hill,NO,TE,12,431,35.9,39.5,16.2,13.73,1.4,1.2820512820512822,48.3,48.7,121.72,28.2
54,18896,Cyril Grayson Jr.,TB,WR,5,127,25.4,37.9,0.8,0.26,9.4,1.6736401673640167,8.7,10.2,44.6,35.1
55,20566,Dontrell Hilliard,TEN,RB,8,198,24.8,35.3,28.3,10.16,13.1,4.990403071017274,37.9,41.4,72.7,36.7
56,21970,James Robinson,JAX,RB,14,530,37.9,54.6,30.9,41.84,8.7,7.890222984562607,36.8,39.6,173.9,32.8
57,18916,T.J. Watt,PIT,LB,15,758,50.5,65,0,0,0,0,0,0,203.25,26.8
58,14895,Geno Smith,SEA,QB,4,203,50.8,20.5,4.4,2.18,0,0,51.2,51.2,54.28,26.7
59,20798,Darrell Henderson Jr.,LAR,RB,12,507,42.2,52.5,29.4,35.48,7.9,6.644518272425249,35.1,37.3,163.4,32.2
60,22553,Michael Carter,NYJ,RB,14,449,32.1,48.8,32.7,38.68,12.2,9.499136442141623,40.8,45,154.4,34.4
61,20500,Darrel Williams,KC,RB,17,568,33.4,47.5,25.4,33.41,10,8.962264150943396,33.6,35.4,196,34.5
61,21684,D'Andre Swift,DET,RB,13,560,43.1,50.8,27,35.36,13.9,13.903743315508022,38.2,41.1,208.9,37.3
63,21163,Deonte Harty,NO,WR,13,298,22.9,31.1,1.7,0.98,19.8,12.606837606837606,13.8,21.5,113.1,38
63,18003,Kenyan Drake,LV,RB,12,280,23.3,35.1,22.5,15.22,14.3,6.633499170812604,33.2,36.8,102.5,36.6
65,16850,Sean Mannion,MIN,QB,1,51,51,4.5,3.9,0.45,0,0,74.5,74.5,12.96,25.4
66,17923,Ezekiel Elliott,DAL,RB,17,810,47.6,66,29.3,50.11,8,10.220125786163521,35.2,37.4,252.06,31.1
66,12831,Tyrod Taylor,HOU,QB,6,323,53.8,45.3,5.9,4.52,0,0,52.3,52.3,81.74,25.3
68,17009,Trevor Siemian,NO,QB,6,359,59.8,32.9,2.5,1.76,0,0,54.9,54.9,90.16,25.1
69,16470,Davante Adams,GB,WR,16,886,55.4,79.4,0,0,19.1,29.701230228471,13.9,19.1,344.3,38.9
70,16041,Jimmy Garoppolo,SF,QB,15,913,60.9,83.7,4.2,7.62,0,0,52.5,52.5,227.5,24.9
70,20868,Alexander Mattison,MIN,RB,16,377,23.6,33,35.5,29.84,10.3,6.759098786828423,44,45.9,125.9,33.4
72,15071,Latavius Murray,BAL,RB,14,378,27,30.4,31.5,23.02,3.4,2.195945945945946,34.1,34.9,103.6,27.4
72,18464,J.D. McKissic,WAS,RB,11,343,31.2,38.5,14,10.06,15.5,9.925093632958802,26.5,29.4,127.9,37.3
74,20841,Daniel Jones,NYG,QB,11,673,61.2,74,9.2,14.8,0.1,0.17825311942959002,63,63,167.52,24.9
75,13741,Brandon Bolden,NE,RB,17,342,20.1,31,12.9,9,14.3,9.351145038167939,24.9,27.2,124.1,36.3
76,21691,Chuba Hubbard,CAR,RB,17,465,27.4,40.5,37,37.8,8,6.434782608695652,42.4,44.9,137.6,29.6
76,22417,Kristian Wilkerson,NE,WR,3,67,22.3,33.8,0,0,11.9,1.5267175572519085,6,11.9,20.2,30.1
78,16497,Teddy Bridgewater,DEN,QB,14,844,60.3,82.2,3.6,6.59,0,0,54,54,202.68,24
79,21564,Craig Reynolds,DET,RB,5,118,23.6,37.2,46.6,12.88,6.8,1.4260249554367201,52.5,53.4,35.2,29.8
80,22564,Ja'Marr Chase,CIN,WR,17,940,55.3,85.5,0.7,1.61,13.6,23.703703703703702,9.4,14.4,304.6,32.4
80,20882,David Montgomery,CHI,RB,13,642,49.4,74.6,35,47.37,7.9,9.732824427480915,41.7,43.1,195,30.4
82,17920,Carson Wentz,IND,QB,17,1092,64.2,98,5.2,11.42,0,0,52.5,52.5,258.02,23.6
83,9906,Danny Amendola,HOU,WR,8,191,23.9,21.9,0,0,19.4,7.074569789674952,13.1,19.9,68.8,36
83,20778,Dre Greenlaw,SF,LB,3,113,37.7,21.1,0,0,0,0,0,0,26.5,23.5
85,21677,Tua Tagovailoa,MIA,QB,13,777,59.8,80.5,5.4,9.5,0,0,55.3,55.3,180.92,23.3
85,19828,Sony Michel,LAR,RB,17,538,31.6,49.4,38.7,49.52,6.1,5.48172757475083,42.6,44.8,146.3,27.2
85,18088,Alex Collins,SEA,RB,11,257,23.4,27.5,42,26.15,3.9,2.109704641350211,45.5,45.9,68.8,26.8
88,21768,Najee Harris,PIT,RB,17,980,57.6,83.5,31.3,74.7,9.6,14.39509954058193,38.9,40.9,300.7,30.7
89,13799,Ryan Tannehill,TEN,QB,17,1168,68.7,98.6,4.7,9.98,0,0,50.2,50.2,268.36,23
90,16311,Derek Carr,LV,QB,17,1127,66.3,98.9,3.5,9.66,0,0,59.1,59.1,256.96,22.8
91,13723,Nick Foles,CHI,QB,1,74,74,6.6,5.4,0.84,0,0,52.7,52.7,16.8,22.7
92,21810,Tyler Huntley,BAL,QB,7,373,53.3,30,12.6,9.09,0,0,63,63,82.64,22.2
93,20941,Devin Singletary,BUF,RB,17,718,42.2,59.9,26.2,40.78,7,8.025682182985554,31.8,33.1,197.8,27.5
94,21685,Justin Jefferson,MIN,WR,17,1014,59.6,88.9,0.6,1.34,16.5,28.942807625649912,11.6,17.5,330.4,32.6
94,19318,Kendrick Bourne,NE,WR,17,572,33.6,51.8,2.1,2.45,12.2,13.358778625954198,11.9,14.5,180.5,31.6
96,732,Matt Ryan,ATL,QB,17,1023,60.2,97.2,3.9,10.18,0,0,58.7,58.7,222.92,21.8
96,17179,Taylor Heinicke,WAS,QB,16,1019,63.7,90.4,5.9,12.58,0.1,0.18726591760299627,54.5,54.5,222.86,21.9
98,20768,Myles Gaskin,MIA,RB,17,575,33.8,49.8,30.1,39.14,11,10.535117056856187,38.6,41,173.6,30.2
98,16366,DeMarcus Lawrence,DAL,DE,7,271,38.7,57.3,0,0,0,0,0,0,58.9,21.7
98,20859,Drew Lock,DEN,QB,6,234,39,21.6,4.3,2.2,0.4,0.1937984496124031,52.1,52.1,51.88,22.2
101,21784,Zack Moss,BUF,RB,13,380,29.2,31.7,25.3,20.82,8.4,5.136436597110754,31.3,33.7,105.2,27.7
102,18082,Tyreek Hill,KC,WR,17,867,51,72.6,1,2.09,18.3,25,13.8,19.4,296.5,34.2
102,20933,Miles Sanders,PHI,RB,12,426,35.5,45.6,32.2,24.91,8,7.296137339055794,38.3,40.1,117.2,27.5
104,16524,Devonta Freeman,BAL,RB,16,528,33,45,25.2,25.73,8,7.094594594594595,31.6,33.1,146.6,27.8
104,19461,Cooper Rush,DAL,QB,5,113,22.6,9.2,8,1.9,0,0,49.6,49.6,24.08,21.3
106,17922,Jared Goff,DET,QB,14,918,65.6,83.3,1.9,3.98,0,0,55.7,55.7,194.5,21.2
107,22496,Mac Jones,NE,QB,17,1064,62.6,96.3,4.1,9,0,0,53.1,53.1,224.94,21.1
107,22505,Davis Mills,HOU,QB,13,743,57.2,69.7,2.4,4.29,0,0,55.5,55.5,156.96,21.1
107,19919,Chase Edmonds,ARI,RB,12,475,39.6,52.6,24.4,23.39,11.2,9.281961471103328,33.5,35.6,143.3,30.2
107,19835,Marcus Davenport,NO,DE,11,437,39.7,53.1,0,0,0,0,0,0,92.2,21.1
107,20116,Trayvon Henderson,CIN,S,2,57,28.5,46.7,0,0,0,0,0,0,12,21.1
112,19766,Saquon Barkley,NYG,RB,13,513,39.5,46.6,31.6,38.66,11.1,10.16042780748663,39.6,42.7,148.6,29
112,14917,Rex Burkhead,HOU,RB,16,378,23.6,35.5,32.3,29.05,8.5,6.118546845124283,39.2,41,104.3,27.6
114,19972,Mike White,NYJ,QB,4,211,52.8,19,2.4,1.32,0,0,64.9,64.9,44.02,20.9
115,19803,Mark Andrews,BAL,TE,17,936,55.1,75.4,0.1,0.19,16.5,26.013513513513512,11.5,16.6,301.1,32.2
115,16830,Tyler Lockett,SEA,WR,16,813,50.8,82,0.2,0.48,13.2,22.573839662447256,9.2,13.4,241.4,29.7
117,16597,Mike Evans,TB,WR,16,915,57.2,77.3,0.1,0.26,12.5,15.899581589958158,8.2,12.6,262.5,28.7
117,19790,Baker Mayfield,CLE,QB,14,877,62.6,84.2,4.2,7.63,0,0,51.9,51.9,180.9,20.6
117,20875,DK Metcalf,SEA,WR,17,820,48.2,82.7,0.1,0.24,15.7,27.21518987341772,9.3,15.9,244.3,29.8
117,20924,Hunter Renfrow,LV,WR,17,758,44.6,66.5,0.4,0.72,16.9,21.22719734660033,14,17.3,259.1,34.2
117,19912,Nyheim Hines,IND,RB,17,352,20.7,31.6,15.9,11.22,16.2,11.377245508982035,27.3,32.1,112.6,32
122,22495,Zach Wilson,NYJ,QB,13,741,57,66.6,3.9,7.63,0.1,0.17271157167530224,55.6,55.7,151.86,20.5
123,19812,Sam Darnold,CAR,QB,12,771,64.2,93.1,6.2,10.55,0,0,58.9,58.9,157.28,20.4
123,21690,Tee Higgins,CIN,WR,14,711,50.8,64.6,0,0,15.5,20.37037037037037,10.4,15.5,219.1,30.8
123,12841,Andy Dalton,CHI,QB,8,412,51.5,36.7,3.9,3.37,0,0,61.2,61.2,84.2,20.4
123,13337,Mark Ingram II,NO,RB,14,400,28.6,34.6,40,31.37,8.8,7.478632478632479,46.8,48.8,108.6,27.2
127,3807,Ben Roethlisberger,PIT,QB,16,1076,67.2,91.7,1.9,4.87,0,0,58.1,58.1,218.1,20.3
127,20837,Ty Johnson,NYJ,RB,16,409,25.6,36.8,14.9,16.05,13.4,9.499136442141623,23.2,28.4,117,28.6
127,20880,Gardner Minshew,PHI,QB,4,166,41.5,14.8,5.4,1.64,0,0,41.6,41.6,33.66,20.3
130,17970,Devontae Booker,NYG,RB,16,519,32.4,47.1,27.9,34.61,8.7,8.02139037433155,35.6,36.6,144.1,27.8
131,22492,Justin Fields,CHI,QB,12,635,52.9,56.6,11.3,15.16,0,0,53.9,53.9,126.8,20
131,22592,Elijah Moore,NYJ,WR,11,476,43.3,45.5,1.1,1.32,16.2,13.298791018998273,10.1,17.2,138.2,29
133,18960,Tanoh Kpassagnon,NO,DE,8,220,27.5,30.1,0,0,0,0,0,0,43.8,19.9
134,11047,Colt McCoy,ARI,QB,8,209,26.1,17.8,10.5,4.44,0,0,57.9,57.9,41.3,19.8
135,13393,Robert Quinn,CHI,DL,16,755,47.2,71.4,0,0,0,0,0,0,147.85,19.6
135,21979,Jacob Phillips,CLE,LB,4,123,30.8,36.6,0,0,0,0,0,0,24.1,19.6
137,21042,A.J. Brown,TEN,WR,13,604,46.5,62.3,0.3,0.36,17.4,20.15355086372361,11.1,18,180.9,30
137,20013,Cedrick Wilson Jr.,DAL,WR,16,528,33,43,0.4,0.42,11.6,9.59119496855346,9.5,12.5,147.82,28
137,20360,Jeff Wilson Jr.,SF,RB,9,228,25.3,35.5,34.6,15.83,3.5,1.6129032258064515,37.7,38.2,51.5,22.6
137,14967,Le'Veon Bell,TB,RB,8,170,21.2,29,22.9,10.13,4.1,0.9762900976290098,25.9,27.1,38.1,22.4
141,21879,Jonathan Greenard,HOU,DE,12,413,34.4,36.4,0,0,0,0,0,0,80,19.4
142,22695,Micah Parsons,DAL,LB,16,903,56.4,79.1,0,0,0,0,0,0,173.95,19.3
143,18018,Jacoby Brissett,MIA,QB,11,376,34.2,32.6,5.1,4.3,0,0,64.9,64.9,72.32,19.2
144,18914,Mike Williams,LAC,WR,16,896,56,74.9,0,0,14.4,19.6048632218845,8.5,14.4,246.6,27.5
145,19850,Mason Rudolph,PIT,QB,2,97,48.5,8.3,5.2,1.22,0,0,64.9,64.9,18.38,18.9
146,22714,Nick Bolton,KC,LB,16,624,39,56,0,0,0,0,0,0,117,18.8
146,14986,DeAndre Hopkins,ARI,WR,10,560,56,63.6,0,0,11.4,11.208406304728546,7.5,11.4,147.2,26.3
148,16906,Stefon Diggs,BUF,WR,17,977,57.5,81.6,0,0,16.9,26.484751203852326,10.5,16.9,285.5,29.2
148,19854,Dante Pettis,NYG,WR,3,82,27.3,39.6,0,0,19.5,2.8520499108734403,13.4,20.7,25.34,30.9
150,20713,Nick Bosa,SF,DL,17,841,49.5,77.7,0,0,0,0,0,0,156.2,18.6
151,22490,Trevor Lawrence,JAX,QB,17,1078,63.4,99.4,6.8,18.62,0,0,62.6,62.6,199.04,18.5
152,15048,Travis Kelce,KC,TE,16,926,57.9,77.5,0.2,0.46,14.5,21.069182389937108,10.2,14.7,262.8,28.4
153,10974,Rob Gronkowski,TB,TE,12,634,52.8,53.6,0,0,14,12.412831241283124,8.7,14,171.2,27
154,17085,Alex Singleton,PHI,ILB,16,721,45.1,64.4,0,0,0,0,0,0,131,18.2
155,21694,Henry Ruggs III,LV,WR,7,334,47.7,69.4,0.9,0.72,10.8,5.970149253731344,8.1,11.7,84.5,25.3
156,11023,Carlos Dunlap,SEA,DE,17,481,28.3,38,0,0,0,0,0,0,86.45,18
157,20038,Braxton Berrios,NYJ,WR,16,390,24.4,36.6,1.8,1.84,16.7,11.226252158894646,13.6,18.5,115.1,29.5
157,13227,Randall Cobb,GB,WR,12,371,30.9,47.1,0.3,0.22,10.5,6.854130052724077,7.8,10.8,93.6,25.2
157,19044,Jamal Agnew,JAX,WR,10,260,26,40.6,2.7,1.79,15,6.689536878216123,11.9,17.7,70,26.9
160,19330,Nick Mullens,CLE,QB,1,56,56,16.9,0,0,0,0,53.6,53.6,9.88,17.6
161,15534,Adam Thielen,MIN,WR,13,758,58.3,73,0.1,0.22,12.5,16.464471403812826,9,12.7,199.8,26.4
162,21679,CeeDee Lamb,DAL,WR,16,882,55.1,71.8,1,1.9,13.6,18.867924528301888,10,14.6,232.8,26.4
163,18880,Chris Godwin,TB,WR,14,833,59.5,84.8,0.5,1.04,15.4,17.85216178521618,12.2,15.8,242.4,29.1
163,21717,Jauan Jennings,SF,WR,16,337,21.1,30.9,0,0,11.3,7.661290322580645,7.1,11.3,82.2,24.4
165,16809,Denzel Perryman,LV,LB,15,864,57.6,74.5,0,0,0,0,0,0,148,17.1
165,18807,Myles Garrett,CLE,DE,17,865,50.9,77.4,0,0,0,0,0,0,147.65,17.1
165,16568,Brandin Cooks,HOU,WR,16,831,51.9,78,0.2,0.48,16.1,25.621414913957935,11.1,16.4,231.8,27.9
165,20749,T.J. Edwards,PHI,LB,16,685,42.8,61.2,0,0,0,0,0,0,117.3,17.1
165,21927,Brandon Jones,MIA,S,15,622,41.5,55.8,0,0,0,0,0,0,106.4,17.1
165,20816,Lil'Jordan Humphrey,NO,WR,10,216,21.6,19.8,0,0,8.3,3.8461538461538463,6,8.3,49.9,23.1
171,21077,Diontae Johnson,PIT,WR,16,987,61.7,84.1,0.5,1.22,17.1,25.880551301684534,11.3,17.6,274.4,27.8
171,14871,Robert Woods,LAR,WR,9,543,60.3,84.6,1.5,1.9,12.7,11.461794019933555,9.8,14.2,137.2,25.3
173,21887,Julian Okwara,DET,LB,13,362,27.8,31.7,0,0,0,0,0,0,61.3,16.9
174,22587,Amon-Ra St. Brown,DET,WR,17,816,48,74,0.9,1.64,14.6,21.21212121212121,11.9,15.4,227.3,27.9
175,22266,Krys Barnes,GB,LB,16,527,32.9,48.9,0,0,0,0,0,0,87.3,16.6
175,21890,Trevis Gipson,CHI,DL,16,490,30.6,46.3,0,0,0,0,0,0,81.35,16.6
177,20983,Christian Wilkins,MIA,DT,17,734,43.2,65.9,0,0,0.1,0.16722408026755853,0.1,0.1,122.1,16.6
177,16819,Markus Golden,ARI,OLB,16,682,42.6,63,0,0,0,0,0,0,112.5,16.5
177,15694,Case Keenum,CLE,QB,7,174,24.9,15.7,6.9,2.47,0,0,48.3,48.3,28.68,16.5
177,19933,Josey Jewell,DEN,ILB,2,82,41,70.1,0,0,0,0,0,0,13.5,16.5
177,21764,Jason Huntley,PHI,RB,1,31,31,11.5,41.9,2.36,3.2,0.2145922746781116,41.9,45.2,5.1,16.5
182,19827,Roquan Smith,CHI,ILB,17,1009,59.4,95.4,0,0,0,0,0,0,165.5,16.4
182,18124,Kamu Grugier-Hill,HOU,OLB,14,777,55.5,68.4,0,0,0,0,0,0,127.5,16.4
184,18037,De'Vondre Campbell,GB,LB,16,988,61.8,91.7,0,0,0,0,0,0,160.8,16.3
184,16849,Danielle Hunter,MIN,OLB,7,384,54.9,54.6,0,0,0,0,0,0,62.5,16.3
186,21729,Quintez Cephus,DET,WR,5,212,42.4,60.4,0,0,10.8,4.09982174688057,7.1,10.8,49.4,23.3
186,19816,DJ Chark,JAX,WR,4,169,42.2,66.5,0,0,13,3.7735849056603774,4.1,13,34.4,20.4
188,16765,Amari Cooper,DAL,WR,15,835,55.7,68,0,0,12.3,16.19496855345912,8.1,12.3,202.5,24.3
188,19944,Ja'Whaun Bentley,NE,LB,16,691,43.2,64.9,0,0,0,0,0,0,111.5,16.1
188,16821,Randy Gregory,DAL,OLB,12,436,36.3,50.5,0,0,0,0,0,0,70,16.1
188,21841,Jordan Love,GB,QB,6,131,21.8,11.7,9.2,2.69,0,0,56.5,56.5,21.14,16.1
192,16271,Shaquil Barrett,TB,OLB,15,767,51.1,68,0,0,0,0,0,0,122.85,16
193,13749,Chandler Jones,ARI,DE,15,824,54.9,76.1,0,0,0,0,0,0,130.95,15.9
193,16887,Mike Davis,ATL,RB,17,594,34.9,56.5,23.2,35.11,9.8,10.45045045045045,30.6,33,138.2,23.3
193,21735,Gabe Davis,BUF,WR,16,571,35.7,47.7,0,0,11,10.112359550561798,6.1,11,125.9,22
193,16323,Khalil Mack,CHI,OLB,7,315,45,53.8,0,0,0,0,0,0,50,15.9
193,16265,Chris Smith,HOU,DL,4,90,22.5,23.3,0,0,0,0,0,0,14.3,15.9
198,19852,Shaquille Leonard,IND,LB,16,1001,62.6,92.8,0,0,0,0,0,0,158.5,15.8
198,18981,Trey Hendrickson,CIN,DE,16,717,44.8,65.7,0,0,0,0,0,0,113.15,15.8
198,20767,Rashan Gary,GB,LB,16,681,42.6,63.2,0,0,0,0,0,0,107.6,15.8
198,20006,Russell Gage,ATL,WR,14,612,43.7,58.2,0,0,15.4,16.936936936936938,10.8,15.4,163,26.6
198,18879,Corey Davis,NYJ,WR,9,450,50,55.6,0,0,13.1,10.189982728842832,7.6,13.1,105.2,23.4
198,21987,Davion Taylor,PHI,LB,9,250,27.8,33.3,0,0,0,0,0,0,39.5,15.8
204,20007,Foyesade Oluokun,ATL,LB,17,1149,67.6,98.8,0,0,0,0,0,0,180.4,15.7
204,22598,Jaylen Waddle,MIA,WR,16,903,56.4,78.2,0.2,0.45,15.6,23.578595317725753,11.7,15.8,245.8,27.2
204,22698,Greg Rousseau,BUF,DE,17,531,31.2,50.1,0,0,0,0,0,0,83.2,15.7
207,15076,Keenan Allen,LAC,WR,16,972,60.8,81.3,0,0,16.2,23.86018237082067,11,16.3,257.8,26.5
207,20737,Josh Allen,JAX,DE,16,768,48,69.3,0,0,0,0,0,0,119.5,15.6
207,16847,David Johnson,HOU,RB,13,317,24.4,29.7,21.1,15.95,13.2,8.030592734225621,31.2,34.4,81.3,25.6
207,16952,Darius Philon,LV,DT,11,278,25.3,32,0,0,0,0,0,0,43.5,15.6
211,21490,Azeez Al-Shaair,SF,LB,13,730,56.2,67.4,0,0,0,0,0,0,112.8,15.5
211,23034,Michael Dwumfour,HOU,DL,3,67,22.3,34.9,0,0,0,0,0,0,10.4,15.5
213,21744,Michael Pittman Jr.,IND,WR,17,980,57.6,88,0.5,1,13.2,25.748502994011975,9.5,13.7,238.6,24.3
213,12902,Cameron Heyward,PIT,DT,17,955,56.2,81.9,0,0,0,0,0,0,147.05,15.4
213,13338,Cameron Jordan,NO,DE,16,830,51.9,74.3,0,0,0,0,0,0,128.05,15.4
213,22506,Brevin Jordan,HOU,TE,9,232,25.8,21.8,0,0,12.1,5.353728489483748,8.6,12.1,55.8,24.1
213,21893,Kenny Willekes,MIN,DE,6,202,33.7,30.5,0,0,0,0,0,0,31.15,15.4
218,22005,Jordyn Brooks,SEA,LB,17,1107,65.1,87.4,0,0,0,0,0,0,169.7,15.3
218,17975,Hunter Henry,NE,TE,17,749,44.1,67.8,0,0,10,14.312977099236642,6.7,10,164.3,21.9
218,19893,M.J. Stewart,CLE,DB,13,327,25.2,38.8,0,0,0,0,0,0,50,15.3
221,16020,Jarvis Landry,CLE,WR,12,533,44.4,65.2,1.1,1.24,16.3,17.43486973947896,10.9,17.4,133,25
222,16618,Aaron Donald,LAR,DT,17,1041,61.2,90.1,0,0,0,0,0,0,157.1,15.1
222,19063,George Kittle,SF,TE,14,840,60,91.9,0.4,0.6,11.2,18.951612903225808,8.8,11.5,198,23.6
222,19896,Arden Key,SF,DL,17,374,22,34.5,0,0,0,0,0,0,56.65,15.1
222,14005,T.Y. Hilton,IND,WR,10,338,33.8,43.9,0,0,10.9,7.385229540918163,6.8,10.9,74.1,21.9
226,22003,Logan Wilson,CIN,LB,13,707,54.4,64.7,0,0,0,0,0,0,105.7,15
226,14358,Akiem Hicks,CHI,DL,9,304,33.8,28.7,0,0,0,0,0,0,45.65,15
228,12815,Josh Bynes,BAL,ILB,14,539,38.5,56.7,0,0,0,0,0,0,80.1,14.9
229,19940,Kyzir White,LAC,LB,17,981,57.7,85,0,0,0,0,0,0,145.1,14.8
229,18130,Elandon Roberts,MIA,LB,17,621,36.5,55.7,0,0,0,0,0,0,92.2,14.8
229,22865,Ernest Jones,LAR,LB,15,440,29.3,43.4,0,0,0,0,0,0,64.9,14.8
229,20894,Anthony Nelson,TB,OLB,17,358,21.1,31.7,0,0,0,0,0,0,53,14.8
233,16786,Shaq Thompson,CAR,LB,14,798,57,73.5,0,0,0,0,0,0,117.3,14.7
233,21926,Kyle Dugger,NE,DB,15,733,48.9,68.9,0,0,0,0,0,0,108,14.7
233,16885,Kwon Alexander,NO,LB,12,535,44.6,65,0,0,0,0,0,0,78.45,14.7
233,21999,Akeem Davis-Gaither,CIN,LB,9,207,23,33.9,0,0,0,0,0,0,30.5,14.7
237,16806,Eric Kendricks,MIN,LB,15,1032,68.8,85.4,0,0,0,0,0,0,151.1,14.6
237,19844,DJ Moore,CAR,WR,17,992,58.4,86.3,0.8,1.76,16.4,28.347826086956523,10.2,17.2,237.5,23.9
237,21045,Marquise Brown,BAL,WR,16,924,57.8,74.4,0.1,0.19,15.7,24.493243243243242,10,15.8,226.3,24.5
237,19815,Christian Kirk,ARI,WR,17,893,52.5,76.2,0.1,0.2,11.5,18.038528896672503,8.8,11.8,207.62,23.2
237,18102,DeAndre Houston-Carson,CHI,DB,13,419,32.2,50.2,0,0,0,0,0,0,61,14.6
237,15186,A.J. Klein,BUF,OLB,15,329,21.9,31.1,0,0,0,0,0,0,48,14.6
237,18902,Jabrill Peppers,NYG,DB,6,229,38.2,48.2,0,0,0,0,0,0,33.4,14.6
237,16787,Breshad Perriman,TB,WR,6,153,25.5,14.5,0.7,0.26,11.8,2.510460251046025,7.8,12.4,33.4,21.8
245,21109,Quincy Williams,NYJ,LB,16,857,53.6,72.1,0,0,0,0,0,0,123.9,14.5
245,17986,Tyler Boyd,CIN,WR,16,808,50.5,73.5,0.2,0.46,11.6,17.40740740740741,8.7,12,183.84,22.8
245,18982,Rasul Douglas,GB,CB,12,680,56.7,81.9,0,0,0,0,0,0,98.5,14.5
245,16794,Landon Collins,WAS,SS,13,675,51.9,73.9,0,0,0,0,0,0,98.2,14.5
245,20150,Byron Pringle,KC,WR,17,586,34.5,49,0,0,10.2,9.433962264150944,7.2,10.2,126.8,21.6
245,19885,BJ Hill,CIN,DT,16,502,31.4,46,0,0,0,0,0,0,72.8,14.5
245,22710,Derrick Barnes,DET,LB,17,458,26.9,40.1,0,0,0,0,0,0,66.5,14.5
245,18030,Chris Moore,HOU,WR,12,240,20,27.3,0,0,9.2,4.2065009560229445,8.8,9.2,55.7,23.2
253,21120,Cole Holcomb,WAS,LB,16,1021,63.8,92.2,0,0,0,0,0,0,147,14.4
253,17958,Emmanuel Ogbah,MIA,DE,17,755,44.4,67.8,0,0,0,0,0,0,108.9,14.4
253,20915,Germaine Pratt,CIN,LB,15,692,46.1,63.4,0,0,0,0,0,0,99.4,14.4
253,20051,Zach Sieler,MIA,DT,17,518,30.5,46.5,0,0,0,0,0,0,74.8,14.4
253,22614,Kadarius Toney,NYG,WR,10,301,30.1,27.3,1,0.72,18.9,10.16042780748663,15,20.9,82.36,27.4
253,22918,Boogie Basham,BUF,DE,8,201,25.1,19,0,0,0,0,0,0,28.9,14.4
259,16093,C.J. Mosley,NYJ,LB,16,1096,68.5,92.3,0,0,0,0,0,0,156.4,14.3
259,18064,Matthew Judon,NE,LB,17,877,51.6,82.4,0,0,0,0,0,0,125.4,14.3
259,18875,Jonathan Allen,WAS,DT,17,772,45.4,69.7,0,0,0,0,0,0,110.1,14.3
259,20145,Allen Lazard,GB,WR,15,716,47.7,64.2,0.4,0.67,8.4,10.54481546572935,6,8.8,142.5,19.9
259,14885,Jamie Collins Sr.,NE,LB,12,300,25,37,0,0,0,0,0,0,42.8,14.3
264,22699,Jaelan Phillips,MIA,LB,17,603,35.5,54.1,0,0,0,0,0,0,85.65,14.2
264,19842,Rashaan Evans,TEN,ILB,12,445,37.1,40.6,0,0,0,0,0,0,63,14.2
266,21961,Darnell Mooney,CHI,WR,17,986,58,87.9,0.6,1.26,14.2,26.717557251908396,8.8,14.8,219.7,22.3
266,16194,Jadeveon Clowney,CLE,DE,14,677,48.4,60.6,0,0,0,0,0,0,95.35,14.1
266,19847,Mike Hughes,KC,CB,17,508,29.9,45.6,0,0,0,0,0,0,71.5,14.1
266,19375,Arthur Maulet,PIT,CB,16,379,23.7,32.5,0,0,0,0,0,0,53.5,14.1
266,22793,Caden Sterns,DEN,S,15,321,21.4,29.6,0,0,0,0,0,0,45.2,14.1
266,18881,John Ross,NYG,WR,10,213,21.3,23.6,0.5,0.24,9.4,3.5650623885918002,5.6,9.9,41,19.2
266,16621,Garrett Gilbert,WAS,QB,1,55,55,23.2,0,0,0,0,56.4,56.4,7.76,14.1
273,19837,Derwin James Jr.,LAC,S,15,962,64.1,83.4,0,0,0,0,0,0,134.75,14
273,18909,Haason Reddick,CAR,LB,16,854,53.4,78.6,0,0,0,0,0,0,119.9,14
273,19863,Dallas Goedert,PHI,TE,15,781,52.1,69.7,0,0,9.7,16.30901287553648,7.2,9.7,165,21.1
273,22508,Kyle Pitts,ATL,TE,17,774,45.5,73.6,0,0,14.2,19.81981981981982,8.8,14.2,176.6,22.8
273,21714,K.J. Osborn,MIN,WR,17,774,45.5,67.8,0.1,0.22,10.6,14.211438474870018,6.6,10.7,158.5,20.5
273,19049,Anthony Walker Jr.,CLE,LB,13,701,53.9,74.3,0,0,0,0,0,0,98,14
273,21332,Troy Reeder,LAR,LB,17,681,40.1,59,0,0,0,0,0,0,95.4,14
273,22068,James Pierre,PIT,CB,17,414,24.4,35.5,0,0,0,0,0,0,58,14
281,19891,Fred Warner,SF,LB,16,978,61.1,90.3,0,0,0,0,0,0,136,13.9
281,16799,Preston Smith,GB,LB,16,689,43.1,64,0,0,0,0,0,0,96,13.9
281,19009,Jalen Reeves-Maybin,DET,OLB,15,616,41.1,54,0,0,0,0,0,0,85.5,13.9
284,20981,Devin White,TB,ILB,17,1079,63.5,95.7,0,0,0,0,0,0,148.75,13.8
284,17915,Joey Bosa,LAC,OLB,16,848,53,73.5,0,0,0,0,0,0,117.3,13.8
284,20971,Andrew Van Ginkel,MIA,LB,17,801,47.1,71.9,0,0,0,0,0,0,110.75,13.8
287,20968,Drue Tranquill,LAC,LB,14,561,40.1,48.6,0,0,0,0,0,0,76.9,13.7
287,16839,P.J. Williams,NO,CB,16,545,34.1,48.8,0,0,0,0,0,0,74.6,13.7
287,19932,Dorance Armstrong,DAL,DE,13,506,38.9,44.3,0,0,0,0,0,0,69.25,13.7
290,20989,Quinnen Williams,NYJ,NT,15,614,40.9,51.7,0,0,0,0,0,0,83.5,13.6
290,21882,Darrell Taylor,SEA,DE,16,543,33.9,42.9,0,0,0,0,0,0,74,13.6
290,20748,Mike Edwards,TB,S,14,531,37.9,57.8,0,0,0,0,0,0,72,13.6
290,19023,Mack Hollins,MIA,WR,17,340,20,29.5,0,0,8.2,4.682274247491639,4.1,8.2,60.3,17.7
290,19985,Sebastian Joseph-Day,LAR,DL,7,341,48.7,61.9,0,0,0,0,0,0,46.3,13.6
290,20611,Jeremy Reaves,WAS,S,5,195,39,55.7,0,0,0,0,0,0,26.5,13.6
296,20873,Terry McLaurin,WAS,WR,17,1010,59.4,89.6,0.1,0.21,12.9,24.344569288389515,7.7,13,213.5,21.1
296,19862,Harold Landry III,TEN,OLB,17,981,57.7,89.5,0,0,0,0,0,0,132.5,13.5
296,21739,Van Jefferson,LAR,WR,17,875,51.5,80.3,0.2,0.48,10.2,14.784053156146179,5.9,10.4,168.2,19.2
296,19124,D.J. Jones,SF,DT,17,550,32.4,50.8,0,0,0,0,0,0,74,13.5
296,22753,Pete Werner,NO,LB,15,400,26.7,35.8,0,0,0,0,0,0,54,13.5
296,18481,Michael Pierce,MIN,DT,8,251,31.4,24.6,0,0,0,0,0,0,34,13.5
296,20283,Tim Boyle,DET,QB,5,180,36,37,1.1,0.47,0,0,53.3,53.3,24.34,13.5
296,22080,Michael Ojemudia,DEN,CB,2,85,42.5,21.6,0,0,0,0,0,0,11.5,13.5
304,14534,Bobby Wagner,SEA,ILB,16,1128,70.5,89.1,0,0,0,0,0,0,151.2,13.4
304,14375,Lavonte David,TB,ILB,12,787,65.6,84.6,0,0,0,0,0,0,105.1,13.4
304,22507,Pat Freiermuth,PIT,TE,16,683,42.7,58.2,0,0,11.6,12.09800918836141,8.8,11.6,151.7,22.2
304,16319,Shelby Harris,DEN,DE,16,566,35.4,52.1,0,0,0,0,0,0,75.9,13.4
304,19976,Marquez Valdes-Scantling,GB,WR,11,455,41.4,57.4,0,0,12.1,9.666080843585238,5.7,12.1,87,19.1
304,19802,Calvin Ridley,ATL,WR,5,299,59.8,62.8,0,0,17.4,9.36936936936937,10.4,17.4,71.1,23.8
304,21466,Jonathan Harris,DEN,DL,3,71,23.7,34.3,0,0,0,0,0,0,9.5,13.4
311,21687,DeVonta Smith,PHI,WR,17,916,53.9,81.8,0,0,11.4,22.317596566523605,7,11.4,185.6,20.3
311,16467,Kyle Van Noy,NE,OLB,16,810,50.6,76.1,0,0,0,0,0,0,107.7,13.3
311,18017,Javon Hargrave,PHI,DT,16,729,45.6,65.1,0,0,0,0,0,0,96.95,13.3
311,19886,Lorenzo Carter,NYG,LB,14,617,44.1,52.8,0,0,0,0,0,0,82.1,13.3
311,22696,Jeremiah Owusu-Koramoah,CLE,LB,14,598,42.7,65.1,0,0,0,0,0,0,79.75,13.3
311,13181,Mario Addison,BUF,DE,17,482,28.4,45.5,0,0,0,0,0,0,63.9,13.3
311,19069,Rudy Ford,JAX,S,15,423,28.2,38.2,0,0,0,0,0,0,56.25,13.3
311,18939,Marcus Maye,NYJ,S,6,362,60.3,64.5,0,0,0,0,0,0,48,13.3
319,19920,Dalton Schultz,DAL,TE,17,994,58.5,80.9,0,0,10.5,16.352201257861637,7.8,10.5,208.8,21
319,18559,Cory Littleton,LV,LB,17,661,38.9,57,0,0,0,0,0,0,87.05,13.2
319,18956,Zach Cunningham,TEN,LB,14,647,46.2,59.1,0,0,0,0,0,0,85.5,13.2
319,18331,Chris Jones,KC,DT,14,628,44.9,56.4,0,0,0,0,0,0,83.05,13.2
319,21192,Nik Needham,MIA,CB,17,607,35.7,54.5,0,0,0,0,0,0,80,13.2
319,20492,George Odum,IND,S,17,471,27.7,43.7,0,0,0,0,0,0,62,13.2
319,17264,Efe Obada,BUF,DE,10,237,23.7,22.4,0,0,0,0,0,0,31.2,13.2
319,22772,Payton Turner,NO,DE,5,143,28.6,27.1,0,0,0,0,0,0,18.9,13.2
327,21982,Patrick Queen,BAL,ILB,17,826,48.6,75.9,0,0,0,0,0,0,108.4,13.1
327,21752,Chase Claypool,PIT,WR,15,823,54.9,70.2,1.7,3.41,12.8,16.079632465543646,8.9,14.5,166.6,20.2
327,8534,Jared Cook,LAC,TE,16,644,40.2,53.8,0,0,12.9,12.613981762917932,7.5,12.9,132.4,20.6
327,20788,Mecole Hardman,KC,WR,17,623,36.6,52.1,1.3,1.86,13.3,13.050314465408805,10.8,14.6,140.9,22.6
327,20991,Khari Willis,IND,SS,11,565,51.4,69.1,0,0,0,0,0,0,73.75,13.1
327,22613,Joshua Palmer,LAC,WR,17,458,26.9,38.3,0.2,0.24,10.7,7.446808510638298,7.4,10.9,92.9,20.3
327,13480,Malcolm Smith,CLE,OLB,15,424,28.3,38,0,0,0,0,0,0,55.5,13.1
327,20715,Alexander Johnson,DEN,ILB,6,325,54.2,90,0,0,0,0,0,0,42.6,13.1
335,17983,Deion Jones,ATL,ILB,16,1071,66.9,92.1,0,0,0,0,0,0,138.7,13
335,16845,Jordan Hicks,ARI,LB,17,1054,62,97.3,0,0,0,0,0,0,137.3,13
335,19882,Jerome Baker,MIA,LB,16,972,60.8,87.3,0,0,0,0,0,0,126.7,13
335,21940,Antoine Winfield Jr.,TB,S,13,876,67.4,77.7,0,0,0,0,0,0,113.8,13
335,16888,Damien Wilson,JAX,LB,17,867,51,78.2,0,0,0,0,0,0,112.3,13
335,20217,Tavierre Thomas,HOU,DB,17,687,40.4,60.5,0,0,0,0,0,0,89.5,13
335,20808,Justin Hollins,LAR,OLB,8,223,27.9,40.7,0,0,0,0,0,0,28.9,13
342,13022,Von Miller,LAR,LB,15,764,50.9,69.1,0,0,0,0,0,0,98.9,12.9
342,16964,Darren Waller,LV,TE,11,608,55.3,53.3,0,0,15.3,15.422885572139304,9,15.3,133.5,22
342,17979,A'Shawn Robinson,LAR,NT,17,516,30.4,44.7,0,0,0,0,0,0,66.5,12.9
342,21896,Yetur Gross-Matos,CAR,DE,14,350,25,32.2,0,0,0,0,0,0,45.05,12.9
342,20646,Robert Spillane,PIT,LB,14,346,24.7,29.7,0,0,0,0,0,0,44.5,12.9
342,13479,Richard Sherman,TB,CB,5,140,28,19.7,0,0,0,0,0,0,18,12.9
342,22821,Thomas Graham Jr.,CHI,DB,4,112,28,50,0,0,0,0,0,0,14.5,12.9
349,21897,Alex Highsmith,PIT,LB,16,851,53.2,73,0,0,0,0,0,0,108.55,12.8
349,21052,Brian Burns,CAR,DE,17,840,49.4,77.3,0,0,0,0,0,0,107.65,12.8
349,19876,Tracy Walker III,DET,S,15,836,55.7,73.3,0,0,0,0,0,0,107.3,12.8
349,16389,Odell Beckham Jr.,LAR,WR,14,666,47.6,61.1,0.3,0.48,12.3,13.621262458471762,6.9,12.6,129.1,19.4
349,20805,T.J. Hockenson,DET,TE,12,658,54.8,77.6,0,0,12.6,14.795008912655971,9.3,12.6,145.3,22.1
349,16764,Dante Fowler Jr.,ATL,DE,14,509,36.4,54.1,0,0,0,0,0,0,64.9,12.8
349,17937,Reggie Ragland,NYG,LB,17,473,27.8,40.5,0,0,0,0,0,0,60.5,12.8
349,22626,Rondale Moore,ARI,WR,14,432,30.9,36.9,4.2,3.63,15,11.38353765323993,16.7,19.2,109.1,25.3
349,20000,Marcell Harris,SF,LB,15,336,22.4,31,0,0,0,0,0,0,43.1,12.8
358,21750,Marquez Callaway,NO,WR,17,833,49,76.4,0,0,10.1,17.94871794871795,5.5,10.1,151.8,18.2
358,21884,Marlon Davidson,ATL,DL,11,270,24.5,23.2,0,0,0,0,0,0,34.3,12.7
358,18052,Blake Martinez,NYG,ILB,3,142,47.3,71.4,0,0,0,0,0,0,18,12.7
361,21015,Maxx Crosby,LV,DE,17,925,54.4,79.8,0,0,0,0,0,0,116.75,12.6
361,20850,Dawson Knox,BUF,TE,15,917,61.1,76.5,0,0,7.7,11.396468699839486,5.3,7.7,164.1,17.9
361,21747,Brandon Aiyuk,SF,WR,17,906,53.3,83,0.6,1,9.3,16.93548387096774,6.7,9.8,170.3,18.8
361,14856,Zach Ertz,ARI,TE,17,848,49.9,74.3,0.1,0.2,13.2,19.614711033274958,8.8,13.3,180.7,21.3
361,19926,Kenny Young,DEN,LB,13,645,49.6,56.3,0,0,0,0,0,0,81.1,12.6
361,22850,Quincy Roche,NYG,OLB,14,401,28.6,34.3,0,0,0,0,0,0,50.7,12.6
361,13291,Julio Jones,TEN,WR,10,393,39.3,40.1,0,0,12.2,9.213051823416507,7.9,12.2,80.4,20.5
368,14860,Jordan Poyer,BUF,S,16,984,61.5,92.9,0,0,0,0,0,0,123.1,12.5
368,17935,Leonard Floyd,LAR,OLB,17,932,54.8,80.7,0,0,0,0,0,0,116.35,12.5
368,16133,Christian Kirksey,HOU,OLB,13,789,60.7,86.4,0,0,0,0,0,0,99,12.5
368,20738,Zach Allen,ARI,DE,15,685,45.7,63.3,0,0,0,0,0,0,85.6,12.5
368,20862,David Long Jr.,TEN,LB,10,634,63.4,57.8,0,0,0,0,0,0,79.5,12.5
368,21005,Parris Campbell,IND,WR,6,177,29.5,39.4,0,0,11.3,3.992015968063872,5.6,11.3,32.2,18.2
368,22780,Tommy Togiai,CLE,DT,6,124,20.7,11.1,0,0,0,0,0,0,15.5,12.5
368,17956,Noah Spence,CIN,DE,2,56,28,44.8,0,0,0,0,0,0,7,12.5
376,17994,Kevin Byard,TEN,S,17,1057,62.2,96.4,0,0,0,0,0,0,131.1,12.4
376,17933,DeForest Buckner,IND,DT,17,844,49.6,78.2,0,0,0,0,0,0,104.55,12.4
376,19949,Avonte Maddox,PHI,CB,16,730,45.6,65.2,0,0,0,0,0,0,90.35,12.4
376,22867,Odafe Oweh,BAL,OLB,15,615,41,56.5,0,0,0,0,0,0,76.5,12.4
376,22047,Myles Bryant,NE,DB,12,406,33.8,51.6,0,0,0,0,0,0,50.3,12.4
381,21635,Jalen Thompson,ARI,S,17,987,58.1,91.1,0,0,0,0,0,0,121,12.3
381,15220,Alec Ogletree,CHI,ILB,16,697,43.6,65.9,0,0,0,0,0,0,86,12.3
381,15227,Kevin Minter,TB,ILB,16,331,20.7,29.3,0,0,0,0,0,0,40.7,12.3
381,16813,Jordan Phillips,ARI,DT,9,284,31.6,37.4,0,0,0,0,0,0,35,12.3
385,14461,Harrison Smith,MIN,S,15,1049,69.9,86.8,0,0,0,0,0,0,127.7,12.2
385,16724,Adrian Phillips,NE,DB,17,882,51.9,82.9,0,0,0,0,0,0,108,12.2
385,19871,Sam Hubbard,CIN,DE,16,877,54.8,80.3,0,0,0,0,0,0,106.7,12.2
385,19207,Tim Patrick,DEN,WR,16,849,53.1,78.5,0,0,10,16.472868217054263,6.2,10,156.4,18.4
385,20898,Ed Oliver,BUF,DT,17,623,36.6,58.8,0,0,0,0,0,0,75.75,12.2
385,19952,Kentavius Street,SF,DT,17,351,20.6,32.4,0,0,0,0,0,0,42.7,12.2
385,22316,Jessie Lemonier,DET,OLB,7,161,23,17.8,0,0,0,0,0,0,19.7,12.2
392,19287,Kenny Moore II,IND,CB,17,1063,62.5,98.5,0,0,0,0,0,0,129.1,12.1
392,13810,Demario Davis,NO,LB,16,1037,64.8,92.8,0,0,0,0,0,0,125.1,12.1
392,22004,Isaiah Simmons,ARI,ILB,17,1005,59.1,92.8,0,0,0,0,0,0,121.6,12.1
392,14888,Logan Ryan,NYG,S,15,1002,66.8,85.7,0,0,0,0,0,0,121.4,12.1
392,16310,Denico Autry,TEN,DL,17,709,41.7,64.7,0,0,0,0,0,0,86.05,12.1
392,19918,Josh Sweat,PHI,DE,16,655,40.9,58.5,0,0,0,0,0,0,79.25,12.1
392,22759,Jamin Davis,WAS,LB,16,582,36.4,52.6,0,0,0,0,0,0,70.2,12.1
392,17961,Sterling Shepard,NYG,WR,7,344,49.1,37.8,0.3,0.24,15.4,9.44741532976827,10.8,15.7,77.7,22.6
392,16656,Logan Thomas,WAS,TE,6,294,49,73.9,0,0,8.5,4.681647940074907,6.1,8.5,53.6,18.2
401,20897,Bobby Okereke,IND,LB,17,1073,63.1,99.4,0,0,0,0,0,0,128.4,12
401,11063,Emmanuel Sanders,BUF,WR,14,747,53.4,62.4,0.3,0.43,9.6,11.556982343499197,5.9,9.9,131.7,17.6
401,16364,Anthony Hitchens,KC,LB,15,598,39.9,53.7,0,0,0,0,0,0,71.5,12
401,19020,Deatrich Wise Jr.,NE,DL,16,521,32.6,49,0,0,0,0,0,0,62.75,12
401,22866,Naquan Jones,TEN,DT,13,328,25.2,33.7,0,0,0,0,0,0,39.2,12
406,18160,Jayron Kearse,DAL,S,16,1013,63.3,88.7,0,0,0,0,0,0,120.2,11.9
406,19037,Matt Milano,BUF,LB,16,916,57.2,86.5,0,0,0,0,0,0,109.2,11.9
406,19836,Tremaine Edmunds,BUF,LB,15,873,58.2,82.4,0,0,0,0,0,0,104,11.9
406,18921,Charles Harris,DET,DL,17,872,51.3,76.4,0,0,0,0,0,0,103.5,11.9
406,18952,Larry Ogunjobi,CIN,DT,16,724,45.2,66.3,0,0,0,0,0,0,86.15,11.9
406,22887,Elijah Molden,TEN,CB,16,632,39.5,57.7,0,0,0,0,0,0,75.5,11.9
406,20538,Ryan Neal,SEA,SS,16,433,27.1,34.2,0,0,0,0,0,0,51.6,11.9
406,22401,Jonas Griffith,DEN,ILB,13,360,27.7,43.8,0,0,0,0,0,0,43,11.9
414,21921,Jeremy Chinn,CAR,S,16,1017,63.6,93.6,0,0,0,0,0,0,119.7,11.8
414,16767,Leonard Williams,NYG,DE,17,888,52.2,76,0,0,0,0,0,0,104.85,11.8
414,18930,Tyus Bowser,BAL,OLB,17,834,49.1,76.7,0,0,0,0,0,0,98.6,11.8
414,18015,Nick Vigil,MIN,ILB,16,719,44.9,59.5,0,0,0,0,0,0,85.2,11.8
414,21918,Grant Delpit,CLE,S,15,599,39.9,53.6,0,0,0,0,0,0,70.4,11.8
414,16775,DeVante Parker,MIA,WR,10,539,53.9,62.4,0,0,13.5,12.207357859531772,7.4,13.5,103.5,19.2
414,14743,Lawrence Guy,NE,DL,17,530,31.2,49.8,0,0,0,0,0,0,62.4,11.8
414,19066,Jayon Brown,TEN,LB,10,420,42,52.8,0,0,0,0,0,0,49.5,11.8
414,16128,Pierre Desir,TB,CB,12,338,28.2,37.3,0,0,0,0,0,0,40,11.8
414,20529,Cam Sims,WAS,WR,14,287,20.5,25.5,0.3,0.21,8,4.307116104868914,5.6,8.4,48.8,17
414,19868,Isaiah Oliver,ATL,CB,4,161,40.2,59.4,0,0,0,0,0,0,19,11.8
425,13036,Justin Houston,BAL,OLB,15,579,38.6,53.2,0,0,0,0,0,0,67.75,11.7
425,20956,Montez Sweat,WAS,DE,10,483,48.3,59.1,0,0,0,0,0,0,56.7,11.7
425,18135,Kevon Seymour,BAL,CB,9,247,27.4,39.1,0,0,0,0,0,0,28.9,11.7
425,20219,Jonathan Owens,HOU,DB,6,180,30,45.1,0,0,0,0,0,0,21,11.7
429,12845,A.J. Green,ARI,WR,16,887,55.4,75.7,0,0,10.4,16.112084063047284,6.1,10.4,156.8,17.7
429,16496,Anthony Barr,MIN,LB,11,784,71.3,64.9,0,0,0,0,0,0,90.7,11.6
429,18333,Austin Johnson,NYG,DL,17,664,39.1,56.8,0,0,0,0,0,0,77.35,11.6
429,22139,Isaiah Rodgers Sr.,IND,CB,17,525,30.9,48.7,0,0,0,0,0,0,61,11.6
429,15200,William Gholston,TB,DL,17,507,29.8,44.9,0,0,0,0,0,0,58.85,11.6
429,16668,Carlos Hyde,JAX,RB,12,292,24.3,32.6,24.7,18.37,7.5,3.7735849056603774,28.8,32.2,45.8,15.7
429,22829,Darren Hall,ATL,CB,14,282,20.1,24.2,0,0,0,0,0,0,32.7,11.6
436,19829,Minkah Fitzpatrick,PIT,S,16,1083,67.7,92.9,0,0,0,0,0,0,125,11.5
436,20167,J.C. Jackson,NE,CB,17,945,55.6,88.8,0,0,0,0,0,0,109,11.5
436,17967,Joe Schobert,PIT,ILB,16,921,57.6,79,0,0,0,0,0,0,106,11.5
436,19900,Harrison Phillips,BUF,DL,14,474,33.9,44.8,0,0,0,0,0,0,54.5,11.5
436,21984,Willie Gay,KC,LB,12,437,36.4,52.1,0,0,0,0,0,0,50.35,11.5
436,21131,Nick Scott,LAR,FS,17,413,24.3,35.8,0,0,0,0,0,0,47.5,11.5
436,15423,Brandon Copeland,ATL,LB,16,339,21.2,31,0,0,0,0,0,0,39,11.5
436,20169,Taylor Stallworth,IND,DT,16,332,20.8,30.8,0,0,0,0,0,0,38.3,11.5
436,17926,Jaylon Smith,NYG,ILB,10,329,32.9,42.3,0,0,0,0,0,0,37.9,11.5
445,18422,Kalif Raymond,DET,WR,16,742,46.4,67.3,0.5,0.94,9.6,12.655971479500892,7,10.1,132.4,17.8
445,17942,Keanu Neal,DAL,S,14,580,41.4,50.8,0,0,0,0,0,0,66.1,11.4
445,21692,Jerry Jeudy,DEN,WR,10,412,41.2,59.5,0.5,0.44,13.6,10.852713178294573,9.7,14.1,85,20.6
445,19296,Anthony Firkser,TEN,TE,15,396,26.4,33.4,0,0,10.9,8.253358925143955,8.6,10.9,79.1,20
445,19970,Genard Avery,PHI,LB,16,358,22.4,32,0,0,0,0,0,0,40.8,11.4
445,16816,Maxx Williams,ARI,TE,5,221,44.2,65.8,0,0,7.7,2.9772329246935203,7.2,7.7,41.3,18.7
445,21174,Chris Westry,BAL,CB,5,184,36.8,30,0,0,0,0,0,0,21,11.4
452,20731,Johnathan Abram,LV,S,14,954,68.1,98.9,0,0,0,0,0,0,108,11.3
452,20940,Jeffery Simmons,TEN,DT,17,932,54.8,85,0,0,0,0,0,0,105.45,11.3
452,18975,Jourdan Lewis,DAL,CB,16,801,50.1,70.1,0,0,0,0,0,0,90.45,11.3
452,19838,Leighton Vander Esch,DAL,LB,17,663,39,58.1,0,0,0,0,0,0,75.2,11.3
452,16808,Eric Rowe,MIA,S,17,638,37.5,57.3,0,0,0,0,0,0,72,11.3
452,21133,Marcus Epps,PHI,S,16,506,31.6,45.2,0,0,0,0,0,0,57,11.3
452,19867,Michael Gallup,DAL,WR,9,498,55.3,75,0,0,12.4,9.748427672955975,7,12.4,91.5,18.4
452,17145,Neville Hewitt,HOU,ILB,17,447,26.3,39.3,0,0,0,0,0,0,50.5,11.3
452,22875,Tre Norwood,PIT,DB,17,388,22.8,33.3,0,0,0,0,0,0,44,11.3
452,18143,Stephen Weatherly,DEN,DE,15,344,22.9,32.5,0,0,0,0,0,0,38.75,11.3
452,19960,DeShon Elliott,BAL,S,6,305,50.8,60.6,0,0,0,0,0,0,34.6,11.3
463,22051,Trevon Diggs,DAL,CB,16,1014,63.4,88.8,0,0,0,0,0,0,113.5,11.2
463,19954,Jordan Whitehead,TB,S,14,796,56.9,70.6,0,0,0,0,0,0,89,11.2
463,18947,Chris Wormley,PIT,DL,15,729,48.6,62.5,0,0,0,0,0,0,81.55,11.2
463,14141,Cole Beasley,BUF,WR,16,691,43.2,57.7,0,0,16.2,17.97752808988764,12,16.4,159.3,23.1
463,20864,Julian Love,NYG,FS,17,610,35.9,52.2,0,0,0,0,0,0,68.25,11.2
463,20434,Brandon Facyson,LV,CB,12,602,50.2,68.6,0,0,0,0,0,0,67.5,11.2
463,20840,Lonnie Johnson,HOU,CB,14,558,39.9,49.1,0,0,0,0,0,0,62.5,11.2
463,19016,Samson Ebukam,SF,DL,17,555,32.6,51.2,0,0,0,0,0,0,62.15,11.2
463,17218,DeAndre Carter,WAS,WR,17,505,29.7,44.8,2,2.1,8.7,8.239700374531836,6.7,10.7,80.5,15.9
463,22746,Jonathon Cooper,DEN,OLB,16,457,28.6,42.1,0,0,0,0,0,0,51.2,11.2
463,21048,Austin Bryant,DET,DL,14,436,31.1,38.2,0,0,0,0,0,0,49.05,11.2
463,19659,Dan Arnold,JAX,TE,11,363,33,49.9,0,0,14.3,8.919382504288164,9.6,14.3,75.8,20.9
475,17991,Vonn Bell,CIN,S,16,1004,62.8,91.9,0,0,0,0,0,0,111.1,11.1
475,20876,Jakobi Meyers,NE,WR,17,931,54.8,84.3,0.1,0.2,13.5,24.045801526717558,9.2,13.9,186.3,20
475,19853,Mike Gesicki,MIA,TE,17,828,48.7,71.8,0,0,13.4,18.561872909698998,8.9,13.5,165,19.9
475,22870,Azeez Ojulari,NYG,OLB,17,780,45.9,66.7,0,0,0,0,0,0,86.3,11.1
475,18959,Dawuane Smoot,JAX,DL,16,676,42.2,61,0,0,0,0,0,0,74.85,11.1
475,20887,Trayvon Mullen,LV,CB,5,229,45.8,65.8,0,0,0,0,0,0,25.5,11.1
475,22078,Neville Gallimore,DAL,DT,5,164,32.8,48.5,0,0,0,0,0,0,18.15,11.1
482,13977,Whitney Mercilus,GB,OLB,10,312,31.2,48.1,0,0,0,0,0,0,34.2,11
482,16862,Trey Flowers,DET,DE,7,304,43.4,41.3,0,0,0,0,0,0,33.4,11
482,22050,Darnay Holmes,NYG,CB,11,281,25.5,36.5,0,0,0,0,0,0,31,11
482,18012,Jordan Jenkins,HOU,DE,11,282,25.6,29.9,0,0,0,0,0,0,30.9,11
482,20664,Josh Woods,DET,LB,13,260,20,27.9,0,0,0,0,0,0,28.5,11
482,14925,Shawn Williams,ATL,SS,6,163,27.2,40.8,0,0,0,0,0,0,18,11
482,22591,Dez Fitzpatrick,TEN,WR,4,99,24.8,18.1,0,0,8.1,1.5355086372360844,5.1,8.1,15.9,16.1
489,17919,Jalen Ramsey,LAR,DB,16,1037,64.8,89.8,0,0,0,0,0,0,113.5,10.9
489,18927,Budda Baker,ARI,S,17,1037,61,95.8,0,0,0,0,0,0,113,10.9
489,15136,Micah Hyde,BUF,S,17,1024,60.2,96.7,0,0,0,0,0,0,112.1,10.9
489,13870,Marvin Jones Jr.,JAX,WR,17,980,57.6,90.3,0,0,12.2,20.58319039451115,7.4,12.2,180.2,18.4
489,21923,Kamren Curl,WAS,S,16,878,54.9,79.3,0,0,0,0,0,0,96,10.9
489,19859,Uchenna Nwosu,LAC,LB,17,782,46,67.8,0,0,0,0,0,0,85.6,10.9
489,20766,Chauncey Gardner-Johnson,NO,DB,12,626,52.2,74.3,0,0,0,0,0,0,68.4,10.9
489,20842,Dre'Mont Jones,DEN,DE,16,616,38.5,56.7,0,0,0,0,0,0,67.25,10.9
489,16866,Jamison Crowder,NYJ,WR,12,538,44.8,48.4,0,0,13.2,12.26252158894646,9.5,13.2,109.7,20.4
489,19017,Josh Reynolds,DET,WR,12,475,39.6,39.8,0,0,10.3,8.73440285204991,6.1,10.3,80.6,17
489,21869,DaVon Hamilton,JAX,DT,16,442,27.6,39.9,0,0,0,0,0,0,48.2,10.9
489,18045,Deon Bush,CHI,DB,14,425,30.4,49.6,0,0,0,0,0,0,46.5,10.9
489,19191,PJ Walker,CAR,QB,5,126,25.2,11,5.6,1.54,0,0,57.9,57.9,13.78,10.9
502,21934,L'Jarius Sneed,KC,CB,15,918,61.2,82.4,0,0,0,0,0,0,99.6,10.8
502,20753,Noah Fant,DEN,TE,16,843,52.7,78,0,0,10.7,17.441860465116278,8.1,10.7,159,18.9
502,18316,Mike Hilton,CIN,CB,17,803,47.2,73.5,0,0,0,0,0,0,87,10.8
502,21754,Donovan Peoples-Jones,CLE,WR,14,699,49.9,63.1,0,0,8.3,11.623246492985972,4.9,8.3,109.7,15.7
502,16407,Bashaud Breeland,ARI,CB,13,675,51.9,69.4,0,0,0,0,0,0,73,10.8
502,21448,Jalen Guyton,LAC,WR,16,613,38.3,51.3,1.1,1.65,7.8,7.2948328267477205,6.2,9,97.2,15.9
502,19904,Ronnie Harrison Jr.,CLE,S,12,584,48.7,52.3,0,0,0,0,0,0,62.8,10.8
502,20498,Ben Niemann,KC,ILB,17,557,32.8,50,0,0,0,0,0,0,59.9,10.8
502,17294,Troy Hill,CLE,CB,12,533,44.4,47.7,0,0,0,0,0,0,57.8,10.8
502,19012,Carlos Watkins,DAL,DE,15,438,29.2,38.4,0,0,0,0,0,0,47.3,10.8
502,21939,Alohi Gilman,LAC,S,11,355,32.3,30.8,0,0,0,0,0,0,38.5,10.8
502,18915,Takkarist McKinley,CLE,DE,11,319,29,34.5,0,0,0,0,0,0,34.4,10.8
502,21894,James Lynch,MIN,DL,13,305,23.5,25.2,0,0,0,0,0,0,32.8,10.8
502,18321,Jarrod Wilson,SF,FS,9,198,22,21,0,0,0,0,0,0,21.3,10.8
516,19062,Desmond King II,HOU,DB,16,927,57.9,81.6,0,0,0,0,0,0,99.5,10.7
516,22841,Jevon Holland,MIA,S,16,893,55.8,80.2,0,0,0,0,0,0,95.9,10.7
516,19928,Taron Johnson,BUF,CB,16,878,54.9,82.9,0,0,0,0,0,0,93.9,10.7
516,19870,Donte Jackson,CAR,CB,12,718,59.8,94.2,0,0,0,0,0,0,76.5,10.7
516,16303,Daniel Sorensen,KC,S,17,698,41.1,62.7,0,0,0,0,0,0,74.4,10.7
516,18876,David Njoku,CLE,TE,16,670,41.9,60.5,0.1,0.21,7.9,10.62124248496994,5.5,8.1,107.6,16.1
516,18935,Gerald Everett,SEA,TE,15,650,43.3,65.6,0.5,0.73,9.7,13.291139240506329,7.8,10.2,117.8,18.1
516,19897,Tre'Quan Smith,NO,WR,11,520,47.3,65.2,0,0,9.6,10.683760683760683,6.2,9.6,87.7,16.9
516,19881,Justin Jones,LAC,DL,11,487,44.3,50.7,0,0,0,0,0,0,51.9,10.7
516,18060,Ronald Blair,NYJ,DE,8,313,39.1,49.9,0,0,0,0,0,0,33.6,10.7
516,18925,Kevin King,GB,CB,10,303,30.3,28.1,0,0,0,0,0,0,32.5,10.7
527,18953,Chidobe Awuzie,CIN,CB,14,777,55.5,71.2,0,0,0,0,0,0,82.5,10.6
527,22390,Elijah Riley,NYJ,S,8,386,48.2,55.7,0,0,0,0,0,0,41,10.6
527,19491,Robert Tonyan,GB,TE,8,306,38.2,60.1,0,0,9.5,5.0966608084358525,5.9,9.5,50.4,16.5
527,18134,Will Parks,NYJ,S,4,94,23.5,23.4,0,0,0,0,0,0,10,10.6
527,21178,Jason Moore Jr.,LAC,WR,2,53,26.5,39.8,0,0,7.5,0.60790273556231,5.7,7.5,8.6,16.2
532,22156,Tae Crowder,NYG,ILB,17,1098,64.6,93.9,0,0,0,0,0,0,115.5,10.5
532,15226,Tyrann Mathieu,KC,FS,16,998,62.4,89.6,0,0,0,0,0,0,105.1,10.5
532,21734,Nick Westbrook-Ikhine,TEN,WR,16,661,41.3,55.8,0,0,8.6,10.940499040307103,5.7,8.6,107.6,16.3
532,22943,AJ Parker,DET,CB,13,557,42.8,60.1,0,0,0,0,0,0,58.5,10.5
536,17999,Yannick Ngakoue,LV,DE,17,834,49.1,72,0,0,0,0,0,0,87,10.4
536,22735,Michael Carter II,NYJ,CB,15,742,49.5,62.5,0,0,0,0,0,0,77.5,10.4
536,18065,Quinton Jefferson,LV,DT,17,686,40.4,59.2,0,0,0,0,0,0,71.15,10.4
536,21960,Freddie Swain,SEA,WR,17,592,34.8,59.7,0.8,1.21,6.8,8.438818565400844,5.1,7.6,86.5,14.6
536,18904,Solomon Thomas,LV,DL,17,554,32.6,47.8,0,0,0,0,0,0,57.45,10.4
536,17037,Justin Coleman,MIA,CB,16,380,23.8,34.1,0,0,0,0,0,0,39.5,10.4
536,18177,Jonathan Jones,NE,DB,6,225,37.5,54.3,0,0,0,0,0,0,23.5,10.4
543,22808,Brandin Echols,NYJ,CB,14,760,54.3,76.8,0,0,0,0,0,0,78.5,10.3
543,3341,Calais Campbell,BAL,DT,15,617,41.1,56.7,0,0,0,0,0,0,63.35,10.3
543,16593,Cameron Brate,TB,TE,17,469,27.6,39.6,0,0,12.2,7.949790794979079,6.4,12.2,78.5,16.7
543,21783,Harrison Bryant,CLE,TE,16,402,25.1,36.3,0,0,7,5.61122244488978,5.2,7,62.3,15.5
543,21903,Terrell Lewis,LAR,OLB,11,367,33.4,31.8,0,0,0,0,0,0,37.9,10.3
543,12955,J.J. Watt,ARI,DE,7,341,48.7,66.9,0,0,0,0,0,0,35.1,10.3
543,18913,Jarrad Davis,NYJ,LB,9,209,23.2,28.1,0,0,0,0,0,0,21.5,10.3
543,15113,Jon Bostic,WAS,ILB,4,179,44.8,58.7,0,0,0,0,0,0,18.5,10.3
551,16143,K'Waun Williams,SF,CB,14,648,46.3,59.8,0,0,0,0,0,0,66.4,10.2
551,19834,Vita Vea,TB,DL,16,607,37.9,53.8,0,0,0,0,0,0,61.7,10.2
551,17914,Laquon Treadwell,JAX,WR,12,485,40.4,65.5,0,0,10.5,8.747855917667238,6.8,10.5,82.4,17
551,21794,Albert Okwuegbunam,DEN,TE,14,421,30.1,47.3,0,0,9.5,7.751937984496124,7.8,9.5,76,18.1
551,19273,Eric Wilson,HOU,LB,14,388,27.7,33.2,0,0,0,0,0,0,39.5,10.2
556,20733,Nasir Adderley,LAC,S,15,989,65.9,85.7,0,0,0,0,0,0,100.35,10.1
556,18923,Jamal Adams,SEA,SS,12,872,72.7,96.2,0,0,0,0,0,0,88.5,10.1
556,21054,Devin Bush,PIT,LB,14,762,54.4,65.4,0,0,0,0,0,0,77.3,10.1
556,18056,Dean Lowry,GB,DL,17,674,39.6,62.6,0,0,0,0,0,0,68.2,10.1
556,22085,Derrick Brown,CAR,DT,16,632,39.5,58.2,0,0,0,0,0,0,63.8,10.1
556,16067,Kerry Hyder Jr.,SEA,DL,15,506,33.7,40,0,0,0,0,0,0,50.95,10.1
556,21900,Justin Madubuike,BAL,DT,15,484,32.3,44.5,0,0,0,0,0,0,49,10.1
556,15988,Ross Cockrell,TB,CB,17,474,27.9,42,0,0,0,0,0,0,48,10.1
556,18932,DeMarcus Walker,HOU,DL,13,456,35.1,45.1,0,0,0,0,0,0,46.2,10.1
565,17976,Xavien Howard,MIA,CB,16,1026,64.1,92.1,0,0,0,0,0,0,102.5,10
565,19800,Courtland Sutton,DEN,WR,17,920,54.1,85.1,0,0,10.7,18.992248062015506,6.4,10.8,150.24,16.3
565,19841,Daron Payne,WAS,DT,17,837,49.2,75.6,0,0,0,0,0,0,83.75,10
565,19105,Al-Quadin Muhammad,IND,DL,17,801,47.1,74.2,0,0,0,0,0,0,80.1,10
565,20204,Charvarius Ward,KC,CB,13,753,57.9,67.6,0,0,0,0,0,0,75.5,10
565,19930,Bilal Nichols,CHI,DT,17,678,39.9,64.1,0,0,0,0,0,0,67.7,10
565,20754,Rashad Fenton,KC,CB,14,538,38.4,48.3,0,0,0,0,0,0,54,10
565,17993,Adam Gotsis,JAX,DL,16,442,27.6,39.9,0,0,0,0,0,0,44.2,10
565,18042,David Onyemata,NO,DT,11,430,39.1,60.6,0,0,0,0,0,0,43.2,10
565,16688,Cassius Marsh,CHI,DE,4,97,24.2,38,0,0,0,0,0,0,9.7,10
565,22319,T.J. Smith,MIN,DL,1,20,20,9.4,0,0,0,0,0,0,2,10
576,19084,Xavier Woods,MIN,S,17,1208,71.1,100,0,0,0,0,0,0,119.3,9.9
576,18023,Justin Simmons,DEN,S,17,1084,63.8,99.8,0,0,0,0,0,0,107.3,9.9
576,16917,C.J. Uzomah,CIN,TE,16,803,50.2,73,0,0,7.8,11.666666666666666,6.1,7.8,128.3,16
576,17899,Erik Harris,ATL,S,12,703,58.6,78.9,0,0,0,0,0,0,69.6,9.9
576,16861,Angelo Blackson,CHI,DL,17,583,34.3,55.1,0,0,0,0,0,0,57.45,9.9
576,22228,Myles Hartsfield,CAR,DB,10,473,47.3,73.3,0,0,0,0,0,0,46.7,9.9
576,17295,DeShawn Williams,DEN,DL,15,386,25.7,41,0,0,0,0,0,0,38.3,9.9
576,21798,Josiah Deguara,GB,TE,16,367,22.9,32.9,0,0,9,5.799648506151143,6.8,9,61.5,16.8
576,16457,Nevin Lawson,JAX,CB,12,333,27.8,34.7,0,0,0,0,0,0,33,9.9
576,18963,Derek Rivers,HOU,DE,5,143,28.6,26.7,0,0,0,0,0,0,14.1,9.9
586,22075,A.J. Terrell,ATL,CB,16,1024,64,88,0,0,0,0,0,0,100.7,9.8
586,20888,Byron Murphy Jr.,ARI,CB,16,967,60.4,89.3,0,0,0,0,0,0,94.55,9.8
586,17925,Myles Jack,JAX,LB,15,919,61.3,82.9,0,0,0,0,0,0,90,9.8
586,16778,Arik Armstead,SF,DL,17,820,48.2,75.7,0,0,0,0,0,0,80.3,9.8
586,13721,Fletcher Cox,PHI,DT,16,749,46.8,66.9,0,0,0,0,0,0,73.65,9.8
586,21925,Ashtyn Davis,NYJ,S,13,746,57.4,74.7,0,0,0,0,0,0,72.8,9.8
586,20975,Armon Watts,MIN,DL,17,670,39.4,55.5,0,0,0,0,0,0,65.4,9.8
586,13748,Dont'a Hightower,NE,LB,15,634,42.3,59.6,0,0,0,0,0,0,62.35,9.8
586,22775,Joe Tryon-Shoyinka,TB,OLB,17,539,31.7,47.8,0,0,0,0,0,0,52.7,9.8
586,20001,Dane Cruikshank,TEN,DB,14,414,29.6,45.7,0,0,0,0,0,0,40.5,9.8
586,20905,Donald Parham Jr.,LAC,TE,14,398,28.4,40.9,0,0,6.8,4.103343465045593,5,6.8,59,14.8
586,22109,Julian Blackmon,IND,S,6,376,62.7,98.7,0,0,0,0,0,0,36.8,9.8
586,15201,Mike Glennon,NYG,QB,6,315,52.5,28.6,2.2,1.67,0,0,55.2,55.2,30.9,9.8
586,17953,Artie Burns,CHI,CB,11,285,25.9,26.9,0,0,0,0,0,0,28,9.8
600,20919,Taylor Rapp,LAR,DB,17,1114,65.5,96.5,0,0,0,0,0,0,107.7,9.7
600,15127,Darius Slay,PHI,CB,16,955,59.7,85.3,0,0,0,0,0,0,93,9.7
600,18032,Tyler Higbee,LAR,TE,15,883,58.9,81.1,0,0,9.6,14.119601328903654,6.9,9.6,147,16.6
600,19890,Rasheem Green,SEA,DL,17,846,49.8,66.8,0,0,0,0,0,0,82.15,9.7
600,22921,Nate Hobbs,LV,CB,16,838,52.4,72.3,0,0,0,0,0,0,81.1,9.7
600,19942,John Franklin-Myers,NYJ,DL,16,717,44.8,60.4,0,0,0,0,0,0,69.6,9.7
600,14894,Sheldon Richardson,MIN,DT,17,689,40.5,57,0,0,0,0,0,0,66.95,9.7
600,20985,Greedy Williams,CLE,CB,16,590,36.9,52.8,0,0,0,0,0,0,57,9.7
600,19880,Derrick Nnadi,KC,DT,17,450,26.5,40.4,0,0,0,0,0,0,43.5,9.7
600,22052,CJ Henderson,CAR,CB,12,390,32.5,34.3,0,0,0,0,0,0,38,9.7
610,21936,Xavier McKinney,NYG,S,17,1133,66.6,96.9,0,0,0,0,0,0,109,9.6
610,18106,Anthony Brown,DAL,CB,16,1047,65.4,91.7,0,0,0,0,0,0,101,9.6
610,19873,Jessie Bates III,CIN,S,15,953,63.5,87.3,0,0,0,0,0,0,91.5,9.6
610,22704,Paulson Adebo,NO,CB,17,850,50,76.1,0,0,0,0,0,0,81.5,9.6
610,21064,Jamel Dean,TB,CB,15,685,45.7,60.7,0,0,0,0,0,0,65.5,9.6
610,19053,Davon Godchaux,NE,DT,17,639,37.6,60.1,0,0,0,0,0,0,61.2,9.6
610,21142,Olamide Zaccheaus,ATL,WR,17,610,35.9,58,0.2,0.25,8.7,9.54954954954955,5.2,8.9,89.8,14.7
610,18292,Roy Robertson-Harris,JAX,DL,14,547,39.1,49.4,0,0,0,0,0,0,52.3,9.6
610,16976,Christian Covington,LAC,DL,16,524,32.8,45.4,0,0,0,0,0,0,50.1,9.6
610,11414,Everson Griffen,MIN,DE,9,457,50.8,37.8,0,0,0,0,0,0,43.7,9.6
610,18920,Malik Hooker,DAL,S,15,446,29.7,39.1,0,0,0,0,0,0,43,9.6
610,22820,Chauncey Golston,DAL,DE,15,414,27.6,36.3,0,0,0,0,0,0,39.7,9.6
610,16283,Bradley Roby,NO,CB,14,394,28.1,37.2,0,0,0,0,0,0,37.7,9.6
610,22848,Robert Rochell,LAR,DB,11,234,21.3,21.7,0,0,0,0,0,0,22.5,9.6
610,18237,Justin Zimmer,BUF,DT,6,161,26.8,32.5,0,0,0,0,0,0,15.5,9.6
610,21828,Jake Fromm,NYG,QB,3,113,37.7,22,7.1,1.91,0,0,60.2,60.2,10.9,9.6
626,18013,Kendall Fuller,WAS,CB,16,1004,62.8,90.7,0,0,0,0,0,0,95.1,9.5
626,21909,D.J. Wonnum,MIN,OLB,17,952,56,78.8,0,0,0,0,0,0,90.7,9.5
626,18964,Alex Anzalone,DET,LB,14,828,59.1,86.7,0,0,0,0,0,0,78.3,9.5
626,16370,Terrance Mitchell,HOU,CB,14,796,56.9,70.1,0,0,0,0,0,0,76,9.5
626,21957,Quez Watkins,PHI,WR,17,771,45.4,68.8,0.1,0.18,8,13.304721030042918,5.7,8.2,116,15
626,18917,Marlon Humphrey,BAL,CB,12,748,62.3,99.6,0,0,0,0,0,0,71,9.5
626,22623,Rashod Bateman,BAL,WR,12,604,50.3,67.6,0,0,11.1,11.317567567567568,7.6,11.1,103.5,17.1
626,19892,Carlton Davis III,TB,CB,10,581,58.1,84.4,0,0,0,0,0,0,55,9.5
626,16003,Sammy Watkins,BAL,WR,13,458,35.2,36.9,0,0,10.7,8.277027027027026,5.9,10.7,70.4,15.4
626,14865,Marquise Goodwin,CHI,WR,14,393,28.1,35,0.5,0.42,10.2,7.633587786259542,5.6,10.7,57.2,14.6
626,21875,James Smith-Williams,WAS,DE,14,387,27.6,35,0,0,0,0,0,0,36.8,9.5
626,22152,Chris Jackson,TEN,DB,12,386,32.2,41.4,0,0,0,0,0,0,36.5,9.5
626,16970,Christian Ringo,NO,DT,14,315,22.5,32.3,0,0,0,0,0,0,30,9.5
626,15215,Tavon Austin,JAX,WR,13,288,22.2,32.5,1,0.77,12.8,6.346483704974271,9.4,13.9,51.4,17.8
626,21584,Freedom Akinmoladun,NYJ,DT,1,21,21,28.8,0,0,0,0,0,0,2,9.5
641,16902,Adrian Amos,GB,S,17,1048,61.6,97.3,0,0,0,0,0,0,98,9.4
641,21937,Jordan Fuller,LAR,S,16,1029,64.3,89.1,0,0,0,0,0,0,97,9.4
641,22692,Pat Surtain II,DEN,CB,16,902,56.4,89.5,0,0,0,0,0,0,84.5,9.4
641,19004,Eddie Jackson,CHI,DB,14,787,56.2,74.4,0,0,0,0,0,0,74,9.4
641,21366,Malik Reed,DEN,OLB,14,739,52.8,68,0,0,0,0,0,0,69.1,9.4
641,16781,Nelson Agholor,NE,WR,15,706,47.1,63.9,0.4,0.61,9.1,12.213740458015268,5.7,9.5,103.4,14.6
641,18958,Tarell Basham,DAL,DE,17,625,36.8,54.7,0,0,0,0,0,0,59,9.4
641,20366,Emmanuel Moseley,SF,CB,11,602,54.7,72.8,0,0,0,0,0,0,56.5,9.4
641,18027,Tavon Young,BAL,DB,17,550,32.4,50.6,0,0,0,0,0,0,51.5,9.4
641,21756,Nico Collins,HOU,WR,14,536,38.3,59.2,0,0,11.4,11.663479923518164,6.2,11.4,83.6,15.6
641,22081,Javelin Guidry,NYJ,CB,17,486,28.6,40.9,0,0,0,0,0,0,45.5,9.4
641,21050,Sean Murphy-Bunting,TB,CB,9,461,51.2,74.5,0,0,0,0,0,0,43.5,9.4
641,13484,K.J. Wright,LV,OLB,17,425,25,36.7,0,0,0,0,0,0,40,9.4
641,16783,Bud Dupree,TEN,OLB,11,397,36.1,43.3,0,0,0,0,0,0,37.3,9.4
641,20245,Chris Board,BAL,LB,16,336,21,30.9,0,0,0,0,0,0,31.5,9.4
641,19878,Tyquan Lewis,IND,DE,8,311,38.9,61,0,0,0,0,0,0,29.35,9.4
641,20986,Joejuan Williams,NE,CB,12,254,21.2,23.9,0,0,0,0,0,0,24,9.4
641,14280,Mike Daniels,CIN,DT,2,64,32,51.2,0,0,0,0,0,0,6,9.4
641,22044,Jeff Okudah,DET,CB,1,48,48,87.3,0,0,0,0,0,0,4.5,9.4
660,19070,Chuck Clark,BAL,SS,16,1025,64.1,94.2,0,0,0,0,0,0,95.7,9.3
660,18905,Marshon Lattimore,NO,CB,16,998,62.4,89.3,0,0,0,0,0,0,92.5,9.3
660,11105,Kareem Jackson,DEN,S,15,897,59.8,89,0,0,0,0,0,0,83,9.3
660,21736,Bryan Edwards,LV,WR,16,811,50.7,71.1,0.1,0.24,7.3,9.78441127694859,4.3,7.4,109.1,13.5
660,17947,Kenny Clark,GB,DL,16,782,48.9,72.6,0,0,0,0,0,0,72.6,9.3
660,14340,Josh Norman,SF,CB,15,766,51.1,70.7,0,0,0,0,0,0,71.5,9.3
660,17691,Brandon Stephens,BAL,DB,17,744,43.8,68.4,0,0,0,0,0,0,69.5,9.3
660,11302,Linval Joseph,LAC,DT,14,551,39.4,47.7,0,0,0,0,0,0,51.5,9.3
660,21422,Shy Tuttle,NO,DT,17,494,29.1,44.2,0,0,0,0,0,0,46,9.3
660,19843,Hayden Hurst,ATL,TE,13,410,31.5,47.3,0,0,7.6,5.585585585585585,6.3,7.6,64.1,15.6
660,19779,Brandon Zylstra,CAR,WR,13,333,25.6,35,0,0,7.5,4.3478260869565215,5.7,7.8,49,14.7
660,19832,Bradley Chubb,DEN,OLB,7,268,38.3,46.6,0,0,0,0,0,0,25,9.3
660,22854,Aaron Robinson,NYG,CB,9,268,29.8,38.6,0,0,0,0,0,0,25,9.3
660,22910,Ifeatu Melifonwu,DET,S,7,242,34.6,46.1,0,0,0,0,0,0,22.5,9.3
674,21697,Laviska Shenault Jr.,JAX,WR,16,697,43.6,64.2,1.6,2.81,14.2,16.9811320754717,10.6,15.8,127,18.2
674,18926,Zay Jones,LV,WR,17,640,37.6,56.1,0.3,0.48,10.9,11.608623548922056,7.7,11.2,105.9,16.5
674,22744,Milton Williams,PHI,DT,17,456,26.8,40.7,0,0,0,0,0,0,41.9,9.2
674,22783,Keith Taylor Jr.,CAR,CB,17,450,26.5,41.4,0,0,0,0,0,0,41.5,9.2
674,22906,Alim McNeill,DET,DL,17,422,24.8,37,0,0,0,0,0,0,38.8,9.2
674,16933,James O'Shaughnessy,JAX,TE,7,286,40.9,49.7,0,0,11.9,5.831903945111493,8.4,11.9,50.4,17.6
674,11767,Steve McLendon,TB,NT,12,253,21.1,22.4,0,0,0,0,0,0,23.15,9.2
674,15183,Desmond Trufant,LV,CB,10,233,23.3,21.5,0,0,0,0,0,0,21.5,9.2
682,22731,Tyson Campbell,JAX,CB,15,864,57.6,78,0,0,0,0,0,0,79,9.1
682,22048,Cameron Dantzler Sr.,MIN,CB,14,686,49,56.8,0,0,0,0,0,0,62.5,9.1
682,18900,Mo Alie-Cox,IND,TE,17,610,35.9,54.8,0,0,7.4,8.982035928143713,3.9,7.4,79.6,13
682,19514,Keelan Cole,NYJ,WR,15,557,37.1,50.1,0,0,9.2,8.808290155440414,5.2,9.3,78.9,14.2
682,21494,Bryan Mone,SEA,DT,14,396,28.3,31.3,0,0,0,0,0,0,35.85,9.1
682,18970,Ahkello Witherspoon,PIT,CB,9,368,40.9,31.6,0,0,0,0,0,0,33.5,9.1
682,12881,Buster Skrine,TEN,CB,7,220,31.4,47.9,0,0,0,0,0,0,20,9.1
682,21891,Tipa Galeai,GB,LB,7,152,21.7,34.2,0,0,0,0,0,0,13.8,9.1
690,19953,D.J. Reed,SEA,CB,14,1000,71.4,79,0,0,0,0,0,0,89.5,9
690,20903,Amani Oruwariye,DET,CB,14,938,67,98.2,0,0,0,0,0,0,84.5,9
690,20852,Dexter Lawrence,NYG,DE,16,757,47.3,64.8,0,0,0,0,0,0,67.9,9
690,18929,Sidney Jones IV,SEA,CB,16,728,45.5,57.5,0,0,0,0,0,0,65.5,9
690,21111,Ugo Amadi,SEA,DB,17,691,40.6,54.6,0,0,0,0,0,0,62,9
690,22689,Kwity Paye,IND,DE,15,639,42.6,59.2,0,0,0,0,0,0,57.3,9
690,19951,Tre Flowers,CIN,CB,16,391,24.4,34.8,0,0,0,0,0,0,35,9
690,21888,K'Lavon Chaisson,JAX,DE,15,384,25.6,34.7,0,0,0,0,0,0,34.7,9
698,20764,Greg Gaines,LAR,DT,17,780,45.9,67.5,0,0,0,0,0,0,69.65,8.9
698,17981,Jarran Reed,KC,DL,17,713,41.9,64,0,0,0,0,0,0,63.6,8.9
698,22709,Christian Barmore,NE,DL,17,598,35.2,56.2,0,0,0,0,0,0,53,8.9
698,22727,Baron Browning,DEN,LB,14,564,40.3,51.9,0,0,0,0,0,0,50,8.9
698,20776,Carl Granderson,NO,DE,15,448,29.9,40.1,0,0,0,0,0,0,39.9,8.9
698,20848,Kingsley Keke,GB,DT,12,393,32.8,36.5,0,0,0,0,0,0,34.8,8.9
698,15188,Star Lotulelei,BUF,DT,11,317,28.8,29.9,0,0,0,0,0,0,28.3,8.9
698,18883,JuJu Smith-Schuster,PIT,WR,5,222,44.4,68.9,1.4,0.73,12.6,4.287901990811639,8.1,14,34.8,15.7
698,19864,Anthony Miller,PIT,WR,3,95,31.7,24.7,0,0,12.6,1.8376722817764166,6.3,12.6,14.5,15.3
707,19849,Terrell Edmunds,PIT,S,17,1145,67.4,98.2,0,0,0,0,0,0,100.3,8.8
707,21281,Andrew Wingard,JAX,S,15,932,62.1,84.1,0.1,0.26,0,0,0.1,0.1,82,8.8
707,19866,Justin Reid,HOU,S,13,780,60,68.7,0,0,0,0,0,0,68.5,8.8
707,12450,Al Woods,SEA,DT,16,619,38.7,48.9,0,0,0,0,0,0,54.25,8.8
707,18016,Kyler Fackrell,LAC,LB,13,382,29.4,43.2,0,0,0,0,0,0,33.7,8.8
707,21901,Alton Robinson,SEA,DE,16,371,23.2,29.3,0,0,0,0,0,0,32.7,8.8
707,15375,Mike Purcell,DEN,DL,13,362,27.8,33.3,0,0,0,0,0,0,32,8.8
707,12822,Pernell McPhee,BAL,OLB,10,234,23.4,29.9,0,0,0,0,0,0,20.7,8.8
707,22172,Jarren Williams,NYG,CB,6,194,32.3,48.6,0,0,0,0,0,0,17,8.8
707,21581,Kareem Orr,LAR,CB,2,40,20,11.8,0,0,0,0,0,0,3.5,8.8
717,9196,Malcolm Jenkins,NO,SS,16,1041,65.1,93.2,0,0,0,0,0,0,90.8,8.7
717,18187,Robbie Anderson,CAR,WR,17,978,57.5,85.1,0.3,0.66,11.2,19.130434782608695,5.7,11.6,138.5,14.2
717,20570,Darious Williams,LAR,DB,14,925,66.1,96.8,0,0,0,0,0,0,80.5,8.7
717,19927,Anthony Averett,BAL,CB,14,808,57.7,74.3,0,0,0,0,0,0,70,8.7
717,20811,Amani Hooker,TEN,DB,12,704,58.7,82.9,0,0,0.1,0.19193857965451055,0.1,0.1,62.1,8.8
717,19865,James Washington,PIT,WR,15,480,32,40.9,0.4,0.49,9.2,6.738131699846861,5.4,9.6,65.8,13.7
717,21122,Duke Shelley,CHI,DB,10,419,41.9,47,0,0,0,0,0,0,36.5,8.7
717,22104,Casey Toohill,WAS,DE,16,361,22.6,32.6,0,0,0,0,0,0,31.5,8.7
717,22782,Ambry Thomas,SF,CB,12,333,27.8,30.7,0,0,0,0,0,0,29,8.7
726,20791,Will Harris,DET,CB,17,1012,59.5,88.7,0,0,0,0,0,0,87.05,8.6
726,19964,Jermaine Carter,CAR,ILB,17,853,50.2,78.5,0,0,0,0,0,0,73.5,8.6
726,18029,Eric Murray,HOU,DB,16,799,49.9,70.3,0,0,0,0,0,0,69,8.6
726,16824,Frank Clark,KC,DE,14,659,47.1,59.2,0,0,0,0,0,0,56.85,8.6
726,20861,David Long Jr.,LAR,CB,16,519,32.4,44.9,0,0,0,0,0,0,44.5,8.6
731,13894,Tashaun Gipson Sr.,CHI,FS,12,660,55,62.4,0,0,0,0,0,0,56.2,8.5
731,17997,Maliek Collins,HOU,DL,15,629,41.9,55.4,0,0,0,0,0,0,53.2,8.5
731,22095,Mike Danna,KC,DE,17,534,31.4,47.9,0,0,0,0,0,0,45.4,8.5
731,20979,Antoine Wesley,ARI,WR,15,459,30.6,39.2,0,0,7,5.604203152364273,4.1,7,57.8,12.6
731,18019,Nick Vannett,NO,TE,7,228,32.6,39.9,0,0,6.6,3.2051282051282053,3.9,6.6,28.3,12.4
736,16960,Quandre Diggs,SEA,FS,17,1228,72.2,97,0,0,0,0,0,0,103,8.4
736,16678,Jimmie Ward,SF,DB,16,992,62,91.6,0,0,0,0,0,0,83.5,8.4
736,19988,Tyler Conklin,MIN,TE,17,924,54.4,81,0,0,9.4,15.077989601386482,6.6,9.4,138.3,15
736,16807,Jaquiski Tartt,SF,S,14,727,51.9,81.9,0,0,0,0,0,0,61,8.4
736,22873,Osa Odighizuwa,DAL,DT,16,615,38.4,53.9,0,0,0,0,0,0,51.5,8.4
736,22787,Benjamin St-Juste,WAS,CB,9,323,35.9,46.3,0,0,0,0,0,0,27,8.4
736,21759,KJ Hamler,DEN,WR,3,88,29.3,43.6,0,0,11.4,1.937984496124031,5.7,11.4,12.4,14.1
743,19026,Rayshawn Jenkins,JAX,S,14,838,59.9,91,0,0,0,0,0,0,69.5,8.3
743,11382,Ndamukong Suh,TB,NT,17,717,42.2,63.6,0,0,0,0,0,0,59.8,8.3
743,17147,Dean Marlowe,DET,FS,16,708,44.2,62.1,0,0,0,0,0,0,59,8.3
743,16793,Malcom Brown,JAX,DT,17,677,39.8,61.1,0,0,0,0,0,0,56.1,8.3
743,21721,Devin Duvernay,BAL,WR,16,603,37.7,48.6,1.2,1.35,7.8,7.9391891891891895,6.6,9,83.2,13.8
743,22060,Dane Jackson,BUF,CB,17,516,30.4,48.7,0,0,0,0,0,0,43,8.3
743,15478,A.J. Bouye,CAR,CB,10,403,40.3,50.9,0,0,0,0,0,0,33.5,8.3
743,22869,Levi Onwuzurike,DET,DL,16,396,24.8,34.7,0,0,0,0,0,0,32.7,8.3
743,21881,A.J. Epenesa,BUF,DE,14,330,23.6,31.2,0,0,0,0,0,0,27.3,8.3
743,16451,Eric Ebron,PIT,TE,8,246,30.8,35.2,0.4,0.24,7.3,2.756508422664625,5.3,7.7,32.5,13.2
743,18026,Sheldon Day,CLE,DT,7,234,33.4,34.3,0,0,0,0,0,0,19.35,8.3
743,22804,Jamien Sherwood,NYJ,LB,5,139,27.8,31.4,0,0,0,0,0,0,11.5,8.3
743,22693,Caleb Farley,TEN,CB,3,60,20,15.3,0,0,0,0,0,0,5,8.3
756,22076,Bryce Hall,NYJ,CB,17,1169,68.8,98.4,0,0,0,0,0,0,95.9,8.2
756,17059,Grady Jarrett,ATL,DL,17,865,50.9,74.4,0,0,0,0,0,0,70.6,8.2
756,20967,Jerry Tillery,LAC,DL,16,860,53.8,74.5,0,0,0,0,0,0,70.3,8.2
756,19560,Michael Davis,LAC,CB,14,853,60.9,73.9,0,0,0,0,0,0,70,8.2
756,18924,Adoree' Jackson,NYG,CB,13,814,62.6,69.6,0,0,0,0,0,0,66.5,8.2
756,22807,Asante Samuel Jr.,LAC,CB,12,693,57.8,60.1,0,0,0,0,0,0,57,8.2
756,18918,Tre'Davious White,BUF,CB,11,629,57.2,91.2,0,0,0,0,0,0,51.3,8.2
756,19993,Folorunso Fatukasi,NYJ,DT,15,559,37.3,47.1,0,0,0,0,0,0,46,8.2
756,23011,Jerry Jacobs,DET,CB,13,560,43.1,63.6,0,0,0,0,0,0,46,8.2
756,17955,Vernon Hargreaves III,CIN,CB,12,397,33.1,37.6,0,0,0,0,0,0,32.5,8.2
756,18467,Sharrod Neasman,NYJ,FS,11,257,23.4,28,0,0,0,0,0,0,21,8.2
767,16811,Ronald Darby,DEN,CB,11,676,61.5,81.5,0,0,0,0,0,0,54.5,8.1
767,18083,DJ Reader,CIN,DT,15,590,39.3,54,0,0,0,0,0,0,47.5,8.1
767,20173,Sean Chandler,CAR,S,15,539,35.9,49.6,0.2,0.22,0,0,0.2,0.2,43.9,8.1
767,22092,Chase Young,WAS,DE,9,477,53,79.5,0,0,0,0,0,0,38.85,8.1
767,22844,Talanoa Hufanga,SF,S,15,395,26.3,36.5,0,0,0,0,0,0,32,8.1
767,19123,Adrian Colbert,CLE,S,7,160,22.9,25.2,0,0,0,0,0,0,13,8.1
773,16905,Bobby McCain,WAS,S,17,1031,60.6,93.1,0,0,0,0,0,0,82,8
773,14419,Rodney McLeod,PHI,S,13,684,52.6,61.1,0,0,0,0,0,0,55,8
773,20721,Tevaughn Campbell,LAC,CB,16,679,42.4,58.8,0,0,0.1,0.1519756838905775,0,0.1,54.5,8
773,14906,Brandon Williams,BAL,NT,13,448,34.5,41.2,0,0,0,0,0,0,36,8
773,18038,Hassan Ridgeway,PHI,DL,17,373,21.9,33.3,0,0,0,0,0,0,29.9,8
773,13761,Stephon Gilmore,CAR,CB,8,305,38.1,48.2,0,0,0,0,0,0,24.5,8
773,18293,Kevin Peterson,ARI,CB,4,87,21.8,27.5,0,0,0,0,0,0,7,8
780,19830,Denzel Ward,CLE,CB,15,856,57.1,76.6,0,0,0,0,0,0,67.7,7.9
780,20965,Juan Thornhill,KC,S,17,852,50.1,76.5,0,0,0,0,0,0,67.5,7.9
780,16263,Allen Robinson II,CHI,WR,12,617,51.4,55,0,0,10.7,12.595419847328245,6.2,10.7,87,14.1
780,20943,Darius Slayton,NYG,WR,13,536,41.2,48.7,0.2,0.24,10.8,10.33868092691622,5,11,68.6,12.8
780,22054,Ross Blacklock,HOU,DL,14,455,32.5,40.1,0,0,0,0,0,0,36.1,7.9
780,17978,Jihad Ward,JAX,OLB,17,457,26.9,41.2,0,0,0,0,0,0,36,7.9
780,23010,Brock Wright,DET,TE,10,301,30.1,43.8,0,0,5.6,3.0303030303030303,4,5.6,35.7,11.9
780,22588,Anthony Schwartz,CLE,WR,14,295,21.1,26.6,2,1.24,7.8,4.609218436873747,5.4,9.8,33.4,11.3
780,19457,Blake Jarwin,DAL,TE,8,275,34.4,47,0,0,6.5,2.830188679245283,4,6.5,32.6,11.9
780,21165,Kyle Phillips,NYJ,DE,7,233,33.3,40.9,0,0,0,0,0,0,18.4,7.9
780,18209,Marcus Johnson,TEN,WR,7,200,28.6,43.8,1,0.36,9.5,3.6468330134357005,5.5,10.5,24.8,12.4
780,11151,Tyson Alualu,PIT,DE,2,57,28.5,37.7,0,0,0,0,0,0,4.5,7.9
792,18912,Evan Engram,NYG,TE,15,722,48.1,65.6,0.1,0.24,10.1,13.01247771836007,6.5,10.2,102.5,14.2
792,18911,Derek Barnett,PHI,DE,16,720,45,64.3,0,0,0,0,0,0,56.2,7.8
792,18977,Kenny Golladay,NYG,WR,14,666,47.6,60.5,0,0,11.4,13.547237076648841,5.6,11.4,89.1,13.4
792,15602,Jack Doyle,IND,TE,17,643,37.8,57.7,0,0,6.7,8.582834331337326,4.5,6.7,79.2,12.3
792,19014,Grover Stewart,IND,DT,17,643,37.8,59.6,0,0,0,0,0,0,50.2,7.8
792,18941,Malik McDowell,CLE,DT,15,646,43.1,57.8,0,0,0,0,0,0,50.2,7.8
792,15151,Xavier Rhodes,IND,CB,13,638,49.1,59.1,0,0,0,0,0,0,49.5,7.8
792,18069,Matt Ioannidis,WAS,DT,16,607,37.9,54.8,0,0,0,0,0,0,47.05,7.8
792,18555,Morgan Fox,CAR,DL,17,562,33.1,51.7,0,0,0,0,0,0,43.8,7.8
792,22135,Bravvion Roy,CAR,DT,17,341,20.1,31.4,0,0,0,0,0,0,26.5,7.8
792,19839,Jaire Alexander,GB,CB,4,219,54.8,60.8,0,0,0,0,0,0,17,7.8
792,17246,James Vaughters,ATL,LB,10,211,21.1,23.3,0,0,0,0,0,0,16.5,7.8
792,20780,Porter Gustin,CLE,LB,6,134,22.3,34.3,0,0,0,0,0,0,10.5,7.8
805,18937,Marcus Williams,NO,S,16,1036,64.8,92.7,0,0,0,0,0,0,80,7.7
805,18979,John Johnson III,CLE,S,15,905,60.3,81,0,0,0,0,0,0,70,7.7
805,17949,Sheldon Rankins,NYJ,DL,16,640,40,53.9,0,0,0,0,0,0,49,7.7
805,12247,Jason Pierre-Paul,TB,OLB,12,601,50.1,53.3,0,0,0,0,0,0,46.1,7.7
805,19410,Ricky Seals-Jones,WAS,TE,13,507,39,47.5,0,0,9.7,9.176029962546817,5.9,9.7,69.1,13.6
805,22295,Tershawn Wharton,KC,DT,17,502,29.5,45.1,0,0,0,0,0,0,38.8,7.7
811,17187,Anthony Harris,PHI,S,14,836,59.7,74.6,0,0,0,0,0,0,63.5,7.6
811,17963,Austin Hooper,CLE,TE,16,717,44.8,64.8,0,0,8.5,12.224448897795591,5.3,8.5,92.5,12.9
811,22894,Kelvin Joseph,DAL,CB,10,229,22.9,30.1,0,0,0,0,0,0,17.5,7.6
811,20803,Trysten Hill,DAL,DT,6,171,28.5,31.3,0,0,0,0,0,0,13,7.6
815,22084,Kristian Fulton,TEN,CB,13,737,56.7,93.4,0,0,0,0,0,0,55,7.5
815,18938,Dalvin Tomlinson,MIN,DL,16,641,40.1,53.1,0,0,0,0,0,0,48.1,7.5
815,22924,Adetokunbo Ogundeji,ATL,OLB,16,527,32.9,45.3,0,0,0,0,0,0,39.4,7.5
815,18990,Jonnu Smith,NE,TE,16,526,32.9,47.6,1.7,1.84,8.6,8.587786259541986,7,10.3,67.4,12.8
815,22928,Roy Lopez,HOU,DL,16,501,31.3,44.1,0,0,0,0,0,0,37.7,7.5
815,18361,Chester Rogers,TEN,WR,16,464,29,39.2,0.2,0.18,9.3,8.253358925143955,6.7,9.5,65,14
815,20460,Tre Herndon,JAX,CB,9,207,23,18.7,0,0,0,0,0,0,15.5,7.5
822,20884,Foster Moreau,LV,TE,17,748,44,65.6,0,0,5.9,7.296849087893864,4,5.9,85.3,11.4
822,22739,Marco Wilson,ARI,CB,14,748,53.4,69.1,0,0,0,0,0,0,55,7.4
822,17943,Shaq Lawson,NYJ,DE,14,534,38.1,48.3,0,0,0,0,0,0,39.7,7.4
822,21985,Kenneth Murray Jr.,LAC,LB,11,364,33.1,44,0,0,0,0,0,0,27,7.4
822,21123,Donovan Wilson,DAL,S,9,336,37.3,39.3,0,0,0,0,0,0,25,7.4
822,13878,Mohamed Sanu,SF,WR,8,240,30,47.3,0,0,10,4.838709677419355,6.2,10,32.7,13.6
822,18002,Jonathan Bullard,ATL,DL,9,224,24.9,19.3,0,0,0,0,0,0,16.5,7.4
822,15194,John Jenkins,MIA,DT,7,176,25.1,15.8,0,0,0,0,0,0,13,7.4
822,22970,Josiah Bronson,DAL,DT,7,163,23.3,27.3,0,0,0,0,0,0,12,7.4
831,20102,Levi Wallace,BUF,CB,17,994,58.5,93.9,0,0,0,0,0,0,72.5,7.3
831,16432,Kyle Fuller,DEN,CB,16,720,45,66.3,0,0,0,0,0,0,52.5,7.3
831,14397,Michael Brockers,DET,DL,16,622,38.9,54.5,0,0,0,0,0,0,45.5,7.3
831,12554,Andrew Sendejo,IND,FS,12,609,50.8,59.4,0,0,0,0,0,0,44.5,7.3
831,14128,Melvin Ingram,KC,LB,15,592,39.5,56.4,0,0,0,0,0,0,43,7.3
831,21001,Rock Ya-Sin,IND,CB,13,591,45.5,54.8,0,0,0,0,0,0,43,7.3
831,22377,Bryce Huff,NYJ,DL,9,337,37.4,47,0,0,0,0,0,0,24.5,7.3
831,21435,Anthony Rush,ATL,DT,12,267,22.2,32.9,0,0,0,0,0,0,19.5,7.3
831,19921,Maurice Hurst,SF,DL,2,41,20.5,4.7,0,0,0,0,0,0,3,7.3
840,14901,Kyle Juszczyk,SF,FB,17,610,35.9,55.9,1.3,1.6,6.2,7.661290322580645,6.2,7.5,73.8,12.1
840,15177,Robert Alford,ARI,CB,13,580,44.6,70.2,0,0,0,0,0,0,41.5,7.2
840,16903,MyCole Pruitt,TEN,TE,16,479,29.9,42.9,0,0,3.8,3.45489443378119,2.9,3.8,48.5,10.1
843,22786,Eric Stokes,GB,CB,16,935,58.4,86.8,0,0,0,0,0,0,66,7.1
843,20185,Poona Ford,SEA,DT,17,802,47.2,63.3,0,0,0,0,0,0,56.65,7.1
843,17328,Bryce Callahan,DEN,CB,11,505,45.9,60.7,0,0,0,0,0,0,36.1,7.1
843,20028,Tremon Smith,HOU,DB,17,395,23.2,34.8,0.3,0.24,0,0,0.3,0.3,28.2,7.1
843,16515,Shamar Stephen,DEN,DT,17,393,23.1,36.2,0,0,0,0,0,0,28,7.1
843,19019,Jaleel Johnson,HOU,DT,12,322,26.8,30.3,0,0,0,0,0,0,23,7.1
843,21020,DeAndre Baker,KC,CB,8,217,27.1,19.5,0,0,0,0,0,0,15.5,7.1
843,19911,Jalyn Holmes,NO,DE,8,189,23.6,20.4,0,0,0,0,0,0,13.5,7.1
843,17916,William Fuller V,MIA,WR,2,65,32.5,31.1,0,0,12.3,1.3377926421404682,6.2,12.3,8.6,13.2
852,21107,Darnell Savage,GB,S,17,1038,61.1,96.4,0,0,0,0,0,0,72.5,7
852,17985,Mackensie Alexander,MIN,CB,16,690,43.1,57.1,0,0,0,0,0,0,48,7
852,12829,Jimmy Smith,BAL,CB,10,294,29.4,27,0,0,0,0,0,0,20.5,7
855,10978,Devin McCourty,NE,DB,17,1019,59.9,95.8,0,0,0,0,0,0,70,6.9
855,17945,William Jackson III,WAS,CB,12,748,62.3,67.6,0,0,0,0,0,0,51.5,6.9
855,19999,Jacob Martin,HOU,DL,17,698,41.1,61.4,0,0,0,0,0,0,48,6.9
855,11043,Joe Haden,PIT,CB,12,630,52.5,54,0,0,0,0,0,0,43.5,6.9
855,22000,Justin Strnad,DEN,ILB,16,443,27.7,40.8,0,0,0,0,0,0,30.5,6.9
855,21906,Jonathan Garvin,GB,LB,16,395,24.7,36.7,0,0,0,0,0,0,27.25,6.9
855,22835,Cam Sample,CIN,DE,14,311,22.2,28.5,0,0,0,0,0,0,21.6,6.9
855,11315,Brandon Graham,PHI,DE,2,51,25.5,35.9,0,0,0,0,0,0,3.5,6.9
855,22608,Seth Williams,DEN,WR,2,49,24.5,25.9,0,0,2,0.1937984496124031,2,2,4.4,9
864,16837,Chris Conley,HOU,WR,16,623,38.9,58.4,0.2,0.24,5.9,7.074569789674952,3.7,6.1,64.6,10.4
864,20395,Danny Johnson,WAS,CB,12,336,28,41.9,0,0,0,0,0,0,23,6.8
864,21886,Broderick Washington,BAL,DT,14,293,20.9,26.9,0,0,0,0,0,0,20,6.8
864,21444,Daniel Wise,WAS,DE,6,139,23.2,35.5,0,0,0,0,0,0,9.5,6.8
868,18972,Fabian Moreau,ATL,DB,16,1037,64.8,89.2,0,0,0,0,0,0,69.5,6.7
868,16788,Byron Jones,MIA,CB,16,976,61,87.6,0,0,0,0,0,0,65,6.7
868,14412,Jackrabbit Jenkins,TEN,CB,14,861,61.5,78.6,0,0,0,0,0,0,58,6.7
868,13275,Kyle Rudolph,NYG,TE,16,500,31.2,45.4,0,0,7.8,6.951871657754011,5.2,7.8,59.7,11.9
868,21899,Malcolm Roach,NO,DL,7,193,27.6,25.3,0,0,0,0,0,0,13,6.7
868,16353,Jason Verrett,SF,CB,1,60,60,66.7,0,0,0,0,0,0,4,6.7
874,17992,James Bradberry,NYG,CB,17,1159,68.2,99.1,0,0,0,0,0,0,77,6.6
874,19034,Damontae Kazee,DAL,S,17,902,53.1,79,0,0,0,0,0,0,59.5,6.6
874,18089,Rashard Higgins,CLE,WR,15,509,33.9,46,0,0,9.2,9.418837675350701,4.7,9.2,57.5,11.3
874,11437,Corey Peters,ARI,DT,14,363,25.9,33.5,0,0,0,0,0,0,24,6.6
874,19281,Jacob Hollister,JAX,TE,7,174,24.9,16,0,0,8,2.4013722126929675,5.2,8,20.5,11.8
879,14887,Duron Harmon,ATL,S,17,1072,63.1,92.2,0,0,0,0,0,0,69.5,6.5
879,21772,Cole Kmet,CHI,TE,17,935,55,83.3,0.1,0.21,9.9,17.748091603053435,6.5,10.1,121.2,13
879,19172,Zach Pascal,IND,WR,16,872,54.5,78.3,0.2,0.4,7.9,13.77245508982036,4.6,8.1,94.5,10.8
879,14985,Ryan Griffin,NYJ,TE,14,583,41.6,61.6,0,0,7.2,7.253886010362694,4.6,7.2,65.1,11.2
879,15228,Alex Okafor,KC,DE,17,463,27.2,41.6,0,0,0,0,0,0,30.15,6.5
879,18262,Stephen Anderson,LAC,TE,17,345,20.3,28.8,0,0,5.5,2.8875379939209727,4.6,5.5,38.5,11.2
885,18047,Demarcus Robinson,KC,WR,17,696,40.9,58.2,0,0,5.9,6.446540880503145,3.6,5.9,69.4,10
885,22877,Greg Newsome II,CLE,CB,12,691,57.6,61.9,0,0,0,0,0,0,44,6.4
885,16171,DaQuan Jones,CAR,DT,17,641,37.7,59,0,0,0,0,0,0,41.2,6.4
885,22662,Tommy Tremble,CAR,TE,16,521,32.6,45.3,0.6,0.66,6.7,6.086956521739131,4.4,7.3,53.1,10.2
885,19887,Nathan Shepherd,NYJ,DL,17,494,29.1,41.6,0,0,0,0,0,0,31.7,6.4
885,18577,Dont'e Deayon,LAR,CB,10,461,46.1,57.4,0,0,0,0,0,0,29.5,6.4
885,16846,Tyler Kroft,NYJ,TE,9,363,40.3,47.1,0,0,6.9,4.317789291882556,4.4,6.9,39.3,10.8
885,16914,Tyeler Davison,ATL,DT,12,358,29.8,30.8,0,0,0,0,0,0,23,6.4
885,16308,Albert Wilson,MIA,WR,14,361,25.8,31.3,1.1,0.9,10.8,6.521739130434782,8.3,12.2,48,13.3
894,17950,Eli Apple,CIN,CB,16,979,61.2,89.7,0,0,0,0,0,0,61.5,6.3
894,13415,Patrick Peterson,MIN,CB,13,885,68.1,90.5,0,0,0,0,0,0,55.5,6.3
894,17141,Damiere Byrd,CHI,WR,17,620,36.5,55.3,0,0,6.1,7.251908396946565,4.2,6.1,64.9,10.5
894,18978,Montravius Adams,PIT,DT,10,286,28.6,29.6,0,0,0,0,0,0,18,6.3
898,18984,Cameron Sutton,PIT,CB,16,1089,68.1,93.4,0,0,0,0,0,0,67,6.2
898,22056,Jaylon Johnson,CHI,DB,15,933,62.2,88.2,0,0,0,0,0,0,57.5,6.2
898,18986,Shaquill Griffin,JAX,CB,14,874,62.4,78.9,0,0,0,0,0,0,54.5,6.2
898,11132,Jerry Hughes,BUF,DE,17,558,32.8,52.7,0,0,0,0,0,0,34.85,6.2
898,21933,Jaylinn Hawkins,ATL,S,14,462,33,39.7,0,0,0,0,0,0,28.5,6.2
898,16800,Eddie Goldman,CHI,NT,14,337,24.1,31.9,0,0,0,0,0,0,20.9,6.2
898,21049,Isaiah Buggs,PIT,DL,10,227,22.7,20.7,0,0,0,0,0,0,14,6.2
905,19080,Noah Brown,DAL,WR,13,302,23.2,30.2,0,0,8.3,3.930817610062893,5.3,8.3,34.4,11.4
905,19344,Greg Mabin,TEN,CB,5,171,34.2,24.3,0,0,0,0,0,0,10.5,6.1
907,21686,Jalen Reagor,PHI,WR,17,750,44.1,67,1.3,1.82,7.6,12.231759656652361,5.7,8.9,78.1,10.4
907,22657,John Bates,WAS,TE,17,519,30.5,46.1,0,0,4.8,4.681647940074907,3.9,4.8,50.9,9.8
907,15814,Benson Mayowa,SEA,DE,15,509,33.9,40.2,0,0,0,0,0,0,30.5,6
907,20901,Charles Omenihu,SF,DL,15,356,23.7,31.1,0,0,0,0,0,0,21.5,6
907,15359,Rashaan Melvin,CAR,CB,10,248,24.8,24.3,0,0,0,0,0,0,15,6
912,15203,Steven Means,ATL,OLB,14,692,49.4,72.4,0,0,0,0,0,0,40.5,5.9
912,21675,Tyler Johnson,TB,WR,17,612,36,51.7,0,0,9,7.670850767085077,5.9,9,72,11.8
912,18007,Daryl Worley,BAL,CB,4,102,25.5,25.8,0,0,0,0,0,0,6,5.9
915,22079,Kindle Vildor,CHI,DB,17,829,48.8,78.4,0,0,0,0,0,0,48.2,5.8
915,13018,Chris Harris Jr.,LAC,CB,14,749,53.5,64.9,0,0,0,0,0,0,43.5,5.8
915,17290,Adam Humphries,WAS,WR,17,658,38.7,58.4,0,0,9.4,11.610486891385769,6.2,9.4,79.3,12.1
915,18040,Juston Burris,CAR,S,10,424,42.4,62.1,0,0,0,0,0,0,24.5,5.8
915,22083,Leki Fotu,ARI,DT,17,372,21.9,34.3,0,0,0,0,0,0,21.5,5.8
915,8550,Jason McCourty,MIA,CB,7,312,44.6,63.3,0,0,0,0,0,0,18,5.8
915,16486,Mike Pennel Jr.,ATL,DL,10,250,25,28,0,0,0,0,0,0,14.5,5.8
915,19099,Vincent Taylor,HOU,DT,1,26,26,35.1,0,0,0,0,0,0,1.5,5.8
923,18149,Jalen Mills,NE,CB,16,913,57.1,85.8,0,0,0,0,0,0,52,5.7
923,21786,Adam Trautman,NO,TE,13,642,49.4,71.9,0,0,6.7,9.188034188034187,4.2,6.7,63.3,9.9
923,19950,Will Dissly,SEA,TE,15,512,34.1,51.7,0,0,5.1,5.485232067510548,4.1,5.1,50.1,9.8
923,17941,Robert Nkemdiche,SEA,NT,9,230,25.6,19.3,0,0,0,0,0,0,13,5.7
923,21008,L.J. Collier,SEA,DE,10,218,21.8,17.2,0,0,0,0,0,0,12.5,5.7
928,22694,Jaycee Horn,CAR,CB,3,142,47.3,86.6,0,0,0,0,0,0,8,5.6
928,15469,Nickell Robey-Coleman,DET,CB,1,62,62,44.3,0,0,0,0,0,0,3.5,5.6
930,20108,Bunmi Rotimi,WAS,DE,9,204,22.7,33.4,0,0,0,0,0,0,11.2,5.5
930,14583,Bruce Irvin,CHI,OLB,5,137,27.4,47.9,0,0,0,0,0,0,7.5,5.5
932,14285,Casey Hayward,LV,CB,17,1092,64.2,94.2,0,0,0,0,0,0,59.5,5.4
932,17005,Geoff Swaim,TEN,TE,16,719,44.9,60.7,0,0,5.6,7.677543186180422,4.3,5.6,70,9.7
932,22062,Raekwon Davis,MIA,DT,14,425,30.4,47.4,0,0,0,0,0,0,23.05,5.4
932,19903,Jordan Akins,HOU,TE,13,327,25.2,30.7,0.3,0.24,10.1,6.309751434034417,7.6,10.4,41.7,12.8
932,18268,Romeo Okwara,DET,DL,4,188,47,79.7,0,0,0,0,0,0,10.1,5.4
932,21930,Jalen Elliott,DET,S,8,175,21.9,22.8,0,0,0,0,0,0,9.5,5.4
938,18901,O.J. Howard,TB,TE,17,365,21.5,30.9,0,0,5.8,2.928870292887029,3.8,5.8,33.5,9.2
938,20815,Albert Huggins,NO,DT,9,219,24.3,29.7,0,0,0,0,0,0,11.5,5.3
938,14851,Damion Square,LV,DT,9,190,21.1,18.6,0,0,0,0,0,0,10.15,5.3
938,19252,Cameron Malveaux,PHI,DE,3,66,22,33.5,0,0,0,0,0,0,3.5,5.3
942,16859,Steven Nelson,PHI,DB,16,983,61.4,87.8,0,0,0,0,0,0,51.5,5.2
942,20178,Chandon Sullivan,GB,CB,17,826,48.6,76.7,0,0,0,0,0,0,43,5.2
942,15090,Johnathan Hankins,LV,DT,14,567,40.5,48.9,0,0,0,0,0,0,29.5,5.2
942,22059,Jordan Elliott,CLE,DT,16,464,29,41.5,0,0,0,0,0,0,24.2,5.2
946,19961,Ray-Ray McCloud III,PIT,WR,16,538,33.6,45.9,0.4,0.49,12.3,10.10719754977029,7.6,12.6,66.2,12.3
946,16772,Trae Waynes,CIN,CB,5,243,48.6,39.7,0,0,0,0,0,0,12.5,5.1
948,19943,Durham Smythe,MIA,TE,17,716,42.1,62,0.3,0.45,5.7,6.8561872909699,5,6,70,9.8
948,20792,N'Keal Harry,NE,WR,12,326,27.2,36.2,0,0,6.7,4.198473282442748,3.7,6.7,28.4,8.7
948,22822,Ta'Quon Graham,ATL,DL,13,310,23.8,26.7,0,0,0,0,0,0,15.5,5
951,19275,Adam Butler,MIA,DT,17,591,34.8,53.1,0,0,0,0,0,0,28.3,4.8
951,22422,Teair Tart,TEN,DT,11,344,31.3,31.4,0,0,0,0,0,0,16.5,4.8
951,22686,Dyami Brown,WAS,WR,15,335,22.3,29.7,0.3,0.21,7.5,4.681647940074907,3.9,7.8,28.1,8.4
951,21741,Denzel Mims,NYJ,WR,11,279,25.4,25.1,0,0,8.2,3.9723661485319517,2.9,8.2,21.3,7.6
955,22688,Tre'von Moehrig,LV,S,17,1153,67.8,99.5,0,0,0,0,0,0,54.5,4.7
955,14048,Malik Jackson,CLE,DT,16,647,40.4,57.9,0,0,0,0,0,0,30.4,4.7
955,15196,Kenny Stills,NO,WR,13,274,21.1,27.8,0.4,0.2,8.4,4.914529914529915,2.6,8.8,18.9,6.9
958,14974,Nick Williams,DET,DT,17,623,36.6,54.6,0,0,0,0,0,0,28.9,4.6
958,16855,Ty Montgomery,NO,WR,14,300,21.4,27.5,5,2.94,8.7,5.555555555555555,10.3,13.7,29.9,10
960,18058,Tajae Sharpe,ATL,WR,15,510,34,48.5,0,0,7.3,6.666666666666667,4.9,7.3,48,9.4
960,3061,Marcedes Lewis,GB,TE,17,478,28.1,42.8,0,0,5.9,4.92091388400703,4.8,5.9,44.4,9.3
960,21543,Anthony Pittman,DET,LB,17,348,20.5,30.5,0,0,0,0,0,0,15.5,4.5
960,21127,Xavier Crawford,CHI,DB,13,286,22,27,0,0,0,0,0,0,13,4.5
960,20988,Preston Williams,MIA,WR,8,175,21.9,15.2,0.6,0.23,9.1,2.6755852842809364,4,9.7,13.8,7.9
960,22792,JaCoby Stevens,PHI,LB,2,44,22,35.2,0,0,0,0,0,0,2,4.5
966,17327,Justin Hamilton,DEN,DT,9,249,27.7,33,0,0,0,0,0,0,11,4.4
966,17006,Darryl Roberts,WAS,CB,6,203,33.8,26.4,0,0,0,0,0,0,9,4.4
968,17512,Rakeem Nunez-Roches,TB,DL,16,415,25.9,36.8,0,0,0,0,0,0,18,4.3
968,22733,Nahshon Wright,DAL,CB,13,279,21.5,24.4,0,0,0,0,0,0,12,4.3
968,15302,Bradley McDougald,JAX,SS,3,93,31,47.7,0,0,0,0,0,0,4,4.3
971,18652,C.J. Ham,MIN,FB,17,376,22.1,33,1.9,1.56,4.8,3.119584055459272,6.4,6.6,32.9,8.8
971,21463,D'Angelo Ross,NE,DB,3,60,20,30.9,0,0,0,0,0,0,2.5,4.2
973,22726,Tre Brown,SEA,CB,5,255,51,66.8,0,0,0,0,0,0,10.5,4.1
973,23084,Shane Zylstra,DET,TE,4,82,20.5,31.2,0,0,8.5,1.2477718360071302,3.7,8.5,6.4,7.8
975,22072,Noah Igbinoghene,MIA,CB,7,151,21.6,13.6,0,0,0,0,0,0,6,4
975,22497,Ian Book,NO,QB,1,50,50,4.6,6,0.59,0,0,46,46,2,4
977,20957,Tommy Sweeney,BUF,TE,13,267,20.5,22.3,0,0,4.5,1.926163723916533,3.4,4.5,19.4,7.3
978,20398,Equanimeous St. Brown,GB,WR,13,292,22.5,29.3,1,0.67,5.8,2.9876977152899826,4.1,6.8,20.2,6.9
979,22685,Terrace Marshall Jr.,CAR,WR,13,422,32.5,39.2,0,0,7.1,5.217391304347826,4,7.1,32.8,7.8
979,21368,Trinity Benson,DET,WR,8,279,34.9,25.3,0,0,7.9,3.9215686274509802,3.6,7.9,20.3,7.3
979,21867,Javon Kinlaw,SF,DT,4,149,37.2,37.6,0,0,0,0,0,0,5.5,3.7
982,20772,Joe Giles-Harris,BUF,LB,2,42,21,31.3,0,0,0,0,0,0,1.5,3.6
982,17048,Tyrell Williams,DET,WR,1,39,39,26.2,0,0,7.7,0.5347593582887701,5.1,7.7,3.4,8.7
984,20770,Zach Gentry,PIT,TE,17,473,27.8,40.3,0,0,5.3,3.8284839203675345,4,5.3,35.7,7.5
984,16315,Justin Ellis,BAL,DL,17,382,22.5,35.1,0,0,0,0,0,0,13.5,3.5
984,20934,Khalen Saunders,KC,DT,7,144,20.6,20.5,0,0,0,0,0,0,5,3.5
984,21895,Raequan Williams,PHI,DT,1,43,43,69.4,0,0,0,0,0,0,1.5,3.5
988,17762,Chris Manhertz,JAX,TE,17,391,23,36,0,0,2.3,1.5437392795883362,1.5,2.3,19.1,4.9
988,22929,Tay Gowan,PHI,CB,2,44,22,4.4,0,0,0,0,0,0,1.5,3.4
990,17944,Vernon Butler,BUF,DT,10,285,28.5,26.9,0,0,0,0,0,0,9.5,3.3
991,19931,Joel Iyiegbuniwe,CHI,ILB,11,224,20.4,21.2,0,0,0,0,0,0,7,3.1
992,18931,Adam Shaheen,MIA,TE,12,372,31,32.2,0,0,4.3,2.6755852842809364,3.2,4.3,23,6.2
992,16878,Blake Bell,KC,TE,16,322,20.1,26.9,1.2,0.93,4,2.0440251572327046,4,5.3,18.7,5.8
994,19910,Ian Thomas,CAR,TE,17,703,41.4,61.2,0,0,4.3,5.217391304347826,2.6,4.3,36.8,5.2
994,21115,Juwann Winfree,GB,WR,7,143,20.4,31.4,0,0,9.1,2.2847100175746924,5.6,9.1,11.8,8.3
994,19934,Da'Shawn Hand,TEN,DE,4,94,23.5,33.2,0,0,0,0,0,0,2.5,2.7
997,19304,Pharaoh Brown,HOU,TE,15,605,40.3,56.8,0,0,5.6,6.500956022944551,3.8,5.6,38.1,6.3
998,19501,Justin Hardee,NYJ,CB,16,349,21.8,29.4,0,0,0,0,0,0,8.5,2.4
999,19209,Patrick Ricard,BAL,FB,13,555,42.7,47.4,0.4,0.39,2.3,2.195945945945946,1.8,2.7,20.7,3.7
999,20071,Keith Kirkwood,CAR,WR,3,74,24.7,35.2,0,0,9.5,1.2173913043478262,4.1,9.5,4.7,6.4
1001,19280,Cody Hollister,TEN,WR,3,147,49,68.7,0,0,4.8,1.3435700575815739,2.7,4.8,7.3,5
1001,22573,Dazz Newsome,CHI,WR,3,103,34.3,45,0,0,4.9,0.9541984732824428,1.9,4.9,4.3,4.2
1003,19228,Josh Tupou,CIN,DT,17,410,24.1,37.5,0,0,0,0,0,0,8.5,2.1
1004,22512,Tre' McKitty,LAC,TE,11,237,21.5,19.8,0,0,3.4,1.21580547112462,2.5,3.4,10.5,4.4
1004,16334,Jeremiah Attaochu,CHI,OLB,5,129,25.8,39.6,0,0,0,0,0,0,2.5,1.9
1004,17136,Xavier Williams,HOU,DT,1,27,27,43.5,0,0,0,0,0,0,0.5,1.9
1007,20931,Drew Sample,CIN,TE,17,459,27,41.7,0,0,3.3,2.7777777777777777,2.4,3.3,19.1,4.2
1007,13166,Ryan Kerrigan,PHI,DE,16,329,20.6,29.4,0,0,0,0,0,0,6,1.8
1009,20946,Kaden Smith,NYG,TE,9,192,21.3,27,0,0,1.6,0.5347593582887701,1.6,1.6,6.3,3.3
1009,20939,David Sills V,NYG,WR,4,98,24.5,37.1,0,0,6.1,1.0695187165775402,2,6.1,3.7,3.8
1011,16100,Brent Urban,DAL,DE,6,161,26.8,42.3,0,0,0,0,0,0,2.5,1.6
1011,16491,Richard Rodgers,PHI,TE,3,69,23,33.2,0,0,2.9,0.4291845493562232,2.9,2.9,3.1,4.5
1013,20998,Renell Wren,CIN,DT,1,41,41,62.1,0,0,0,0,0,0,0.5,1.2
1014,22661,Jack Stoll,PHI,TE,16,331,20.7,29.6,0,0,1.5,1.0729613733905579,1.2,1.5,6.2,1.9
1015,21796,Noah Togiai,PHI,TE,1,24,24,12.8,0,0,0,0,0,0,0,0
1015,21234,Kyron Brown,DAL,CB,1,23,23,11.4,0,0,0,0,0,0,0,0
1015,21676,Jared Pinkney,DET,TE,2,44,22,24.4,0,0,0,0,0,0,0,0
1015,22635,Jalen Camp,HOU,WR,3,65,21.7,33.9,0,0,0,0,0,0,0,0
